alt	chrom	expected_direction	gene_symbol	inference_run_epoch	null_depth	pos1	ref	run_mode	sequence_length	target_gene	variant_class	variant_group_id	variant_id
G	chr1	unknown	ZZZ3	alphagenie_020_postjul14_sdk080_20260908	1000	77683482	GGGC	api_full	1048576	ZZZ3	deletion_3bp	ZZZ3_del3	del3
C	chr2	unknown	FZD7	alphagenie_020_postjul14_sdk080_20260908	1000	202033884	CGGCGGCGG	api_full	1048576	FZD7	deletion_8bp	FZD7_del8	del8
G	chr2	unknown	TRAF3IP1	alphagenie_020_postjul14_sdk080_20260908	1000	238320561	GGGC	api_full	1048576	TRAF3IP1	deletion_3bp	TRAF3IP1_del3	del3
C	chr2	unknown	RNPEPL1	alphagenie_020_postjul14_sdk080_20260908	1000	240568505	CCCG	api_full	1048576	RNPEPL1	deletion_3bp	RNPEPL1_del3	del3
C	chr3	unknown	GSK3B	alphagenie_020_postjul14_sdk080_20260908	1000	120094396	CG	api_full	1048576	GSK3B	deletion_1bp	GSK3B_del1	del1
A	chr3	unknown	SPSB4	alphagenie_020_postjul14_sdk080_20260908	1000	141051408	C	api_full	1048576	SPSB4	substitution_1snv	SPSB4_snv	snv
C	chr5	unknown	GPRIN1	alphagenie_020_postjul14_sdk080_20260908	1000	176610045	CCCGCCG	api_full	1048576	GPRIN1	deletion_6bp	GPRIN1_del6	del6
G	chr7	unknown	AUTS2	alphagenie_020_postjul14_sdk080_20260908	1000	69598385	GGGCGGC	api_full	1048576	AUTS2	deletion_6bp	AUTS2_del6	del6
T	chr9	unknown	CNTFR	alphagenie_020_postjul14_sdk080_20260908	1000	34589704	C	api_full	1048576	CNTFR	substitution_1snv	CNTFR_snv	snv
TGT	chr9	unknown	BMS1P14	alphagenie_020_postjul14_sdk080_20260908	1000	40584427	CGC	api_full	1048576	BMS1P14	substitution_3bp	LOC107984006_BMS1P14_mnv3	mnv3
G	chr9	unknown	MSANTD3	alphagenie_020_postjul14_sdk080_20260908	1000	100427250	GCGCCGC	api_full	1048576	MSANTD3	deletion_6bp	MSANTD3_del6	del6
G	chr10	unknown	NKX6-2	alphagenie_020_postjul14_sdk080_20260908	1000	132786098	GGGGC	api_full	1048576	NKX6-2	deletion_4bp	NKX6-2_del4	del4
C	chr12	unknown	HOXC8	alphagenie_020_postjul14_sdk080_20260908	1000	54009056	CCCG	api_full	1048576	HOXC8	deletion_3bp	HOXC8_del3	del3
T	chr16	unknown	RBFOX1	alphagenie_020_postjul14_sdk080_20260908	1000	6018925	TCCG	api_full	1048576	RBFOX1	deletion_3bp	RBFOX1_del3	del3
A	chr17	unknown	SHISA6	alphagenie_020_postjul14_sdk080_20260908	1000	11241059	ACGC	api_full	1048576	SHISA6	deletion_3bp	SHISA6_del3	del3
T	chr20	unknown	PTPRT	alphagenie_020_postjul14_sdk080_20260908	1000	43189982	TGCCGCCGCC	api_full	1048576	PTPRT	deletion_9bp	PTPRT_del9	del9
T	chr20	unknown	DNAJC5	alphagenie_020_postjul14_sdk080_20260908	1000	63895194	TGCC	api_full	1048576	DNAJC5	deletion_3bp	DNAJC5_del3	del3
