run_id	variant_group_id	gene_symbol	target_gene	variant_class	chrom	pos1	ref	alt	sequence_length	n_null_consensus	real_consensus_delta	direction_observed	empirical_p_two_sided	empirical_p_observed_direction	bh_fdr_two_sided_multi	bh_fdr_observed_direction_multi	correction_family	data_version	endpoint
ccg01_ZZZ3_del3	ZZZ3_del3	ZZZ3	ZZZ3	deletion_3bp	chr1	77683482	GGGC	G	1048576	1000	0.0065813661	increase	0.1008991008991009	0.0969030969030969	0.15426240426240426	0.1267194344117421	BH across these 17 variants, separately for each test	v0.20	brain9_adult8_embryo
ccg05_FZD7_del8	FZD7_del8	FZD7	FZD7	deletion_8bp	chr2	202033884	CGGCGGCGG	C	1048576	1000	-0.00192442535	decrease	0.6473526473526473	0.2977022977022977	0.6473526473526473	0.2977022977022977	BH across these 17 variants, separately for each test	v0.20	brain9_adult8_embryo
ccg06_TRAF3IP1_del3	TRAF3IP1_del3	TRAF3IP1	TRAF3IP1	deletion_3bp	chr2	238320561	GGGC	G	1048576	1000	-0.029024959035000002	decrease	0.001998001998001998	0.001998001998001998	0.011322011322011322	0.008491508491508492	BH across these 17 variants, separately for each test	v0.20	brain9_adult8_embryo
ccg07_RNPEPL1_del3	RNPEPL1_del3	RNPEPL1	RNPEPL1	deletion_3bp	chr2	240568505	CCCG	C	1048576	1000	-0.03381271648	decrease	0.004995004995004995	0.003996003996003996	0.014152514152514152	0.013586413586413586	BH across these 17 variants, separately for each test	v0.20	brain9_adult8_embryo
ccg08_GSK3B_del1	GSK3B_del1	GSK3B	GSK3B	deletion_1bp	chr3	120094396	CG	C	1048576	1000	0.00872409345	increase	0.004995004995004995	0.004995004995004995	0.014152514152514152	0.014152514152514152	BH across these 17 variants, separately for each test	v0.20	brain9_adult8_embryo
ccg09_SPSB4_snv	SPSB4_snv	SPSB4	SPSB4	substitution_1snv	chr3	141051408	C	A	1048576	1000	0.035276054960000004	increase	0.000999000999000999	0.000999000999000999	0.011322011322011322	0.005661005661005661	BH across these 17 variants, separately for each test	v0.20	brain9_adult8_embryo
ccg10_GPRIN1_del6	GPRIN1_del6	GPRIN1	GPRIN1	deletion_6bp	chr5	176610045	CCCGCCG	C	1048576	1000	0.06740719095	increase	0.023976023976023976	0.023976023976023976	0.05094905094905095	0.04528804528804529	BH across these 17 variants, separately for each test	v0.20	brain9_adult8_embryo
ccg11_AUTS2_del6	AUTS2_del6	AUTS2	AUTS2	deletion_6bp	chr7	69598385	GGGCGGC	G	1048576	1000	-0.008982419949999999	decrease	0.13186813186813187	0.026973026973026972	0.1724429416737109	0.04585414585414585	BH across these 17 variants, separately for each test	v0.20	brain9_adult8_embryo
ccg12_CNTFR_snv	CNTFR_snv	CNTFR	CNTFR	substitution_1snv	chr9	34589704	C	T	1048576	1000	0.00698938967	increase	0.002997002997002997	0.000999000999000999	0.012737262737262738	0.005661005661005661	BH across these 17 variants, separately for each test	v0.20	brain9_adult8_embryo
ccg13_LOC107984006_BMS1P14_mnv3	LOC107984006_BMS1P14_mnv3	BMS1P14	BMS1P14	substitution_3bp	chr9	40584427	CGC	TGT	1048576	1000	0.0036041737000000003	increase	0.060939060939060936	0.03496503496503497	0.11510711510711509	0.054036872218690406	BH across these 17 variants, separately for each test	v0.20	brain9_adult8_embryo
ccg14_MSANTD3_del6	MSANTD3_del6	MSANTD3	MSANTD3	deletion_6bp	chr9	100427250	GCGCCGC	G	1048576	1000	-0.007656812995000001	decrease	0.1088911088911089	0.07192807192807193	0.15426240426240426	0.1018981018981019	BH across these 17 variants, separately for each test	v0.20	brain9_adult8_embryo
ccg15_NKX6-2_del4	NKX6-2_del4	NKX6-2	NKX6-2	deletion_4bp	chr10	132786098	GGGGC	G	1048576	1000	-0.06408017584999999	decrease	0.001998001998001998	0.000999000999000999	0.011322011322011322	0.005661005661005661	BH across these 17 variants, separately for each test	v0.20	brain9_adult8_embryo
ccg16_HOXC8_del3	HOXC8_del3	HOXC8	HOXC8	deletion_3bp	chr12	54009056	CCCG	C	1048576	1000	-0.00197982783	decrease	0.42357642357642356	0.16783216783216784	0.48005328005328	0.19020979020979023	BH across these 17 variants, separately for each test	v0.20	brain9_adult8_embryo
ccg17_RBFOX1_del3	RBFOX1_del3	RBFOX1	RBFOX1	deletion_3bp	chr16	6018925	TCCG	T	1048576	1000	-0.014061332065000001	decrease	0.022977022977022976	0.017982017982017984	0.05094905094905095	0.038211788211788215	BH across these 17 variants, separately for each test	v0.20	brain9_adult8_embryo
ccg18_SHISA6_del3	SHISA6_del3	SHISA6	SHISA6	deletion_3bp	chr17	11241059	ACGC	A	1048576	1000	-0.01688241867	decrease	0.10789210789210789	0.1068931068931069	0.15426240426240426	0.12979877265591552	BH across these 17 variants, separately for each test	v0.20	brain9_adult8_embryo
ccg19_PTPRT_del9	PTPRT_del9	PTPRT	PTPRT	deletion_9bp	chr20	43189982	TGCCGCCGCC	T	1048576	1000	-0.0020205676750000004	decrease	0.45454545454545453	0.18981018981018982	0.4829545454545454	0.20167332667332669	BH across these 17 variants, separately for each test	v0.20	brain9_adult8_embryo
ccg20_DNAJC5_del3	DNAJC5_del3	DNAJC5	DNAJC5	deletion_3bp	chr20	63895194	TGCC	T	1048576	1000	0.00282716752	increase	0.15084915084915085	0.015984015984015984	0.1831739688882546	0.038211788211788215	BH across these 17 variants, separately for each test	v0.20	brain9_adult8_embryo
