variant_group_id	gene_symbol	variant_class	representation	sub_index	chrom	pos1	ref	alt	variant_id	variant_source_file	edit_start0	edit_end0	edit_center0	edit_model	hg38_ref_status	hg38_ref_observed	alphagenome_interval_start0	alphagenome_interval_end0	gene_annotation_found	target_gene_on_variant_chrom	selected_tss_source	selected_transcript_id	selected_gene_id	selected_gene_type	selected_transcript_type	gene_chrom	gene_strand	gene_start0	gene_end0	selected_tss0	signed_distance_to_selected_tss_bp	abs_distance_to_selected_tss_bp	n_gencode_transcripts_same_chrom	n_mane_select_transcripts_same_chrom	nearest_any_transcript_tss0	nearest_any_transcript_signed_distance_bp	nearest_any_transcript_id	selected_tss_in_alphagenome_interval	within_core_tss_window	within_proximal_promoter_window	target_assignment_status	target_gene	alpha_target_score_status	target_gene_effect_rank	target_median_abs_raw_delta	target_median_raw_delta	top_gene_name	top_gene_median_abs_raw_delta	target_to_top_median_abs_ratio	overall_target_qc_status	run_id
ZZZ3_del3	ZZZ3	deletion_3bp	input	0	chr1	77683482	GGGC	G	ZZZ3_del3|input|0	[internal reference omitted]	77683482.0	77683485.0	77683483.5	anchored_deletion_without_anchor	PASS_REF_MATCH	GGGC	77159195	78207771	True	True	MANE_Select_transcript	ENST00000370801.8	ENSG00000036549.13	protein_coding	protein_coding	chr1	-	77562415	77683419	77682657	-826.5	826.5	11	1	77683418	-65.5	ENST00000370798.5	True	False	True	PASS_PROXIMAL_PROMOTER_WINDOW	ZZZ3	PASS_TARGET_TOP_ABS_EFFECT	1	0.008074343	0.008074343	ZZZ3	0.008074343	1.0	PASS	ccg01_ZZZ3_del3
FZD7_del8	FZD7	deletion_8bp	input	0	chr2	202033884	CGGCGGCGG	C	FZD7_del8|input|0	[internal reference omitted]	202033884.0	202033892.0	202033888.0	anchored_deletion_without_anchor	PASS_REF_MATCH	CGGCGGCGG	201509600	202558176	True	True	MANE_Select_transcript	ENST00000286201.3	ENSG00000155760.3	protein_coding	protein_coding	chr2	+	202033854	202038441	202033854	34.0	34.0	1	1	202033854	34.0	ENST00000286201.3	True	True	True	PASS_CORE_TSS_WINDOW	FZD7	PASS_TARGET_TOP_ABS_EFFECT	1	0.020686656	-0.0045826137	FZD7	0.020686656	1.0	PASS	ccg05_FZD7_del8
TRAF3IP1_del3	TRAF3IP1	deletion_3bp	input	0	chr2	238320561	GGGC	G	TRAF3IP1_del3|input|0	[internal reference omitted]	238320561.0	238320564.0	238320562.5	anchored_deletion_without_anchor	PASS_REF_MATCH	GGGC	237796274	238844850	True	True	MANE_Select_transcript	ENST00000373327.5	ENSG00000204104.12	protein_coding	protein_coding	chr2	+	238320440	238400897	238320517	45.5	45.5	5	1	238320535	27.5	ENST00000409739.2	True	True	True	PASS_CORE_TSS_WINDOW	TRAF3IP1	PASS_TARGET_TOP_ABS_EFFECT	1	0.0345937	-0.0345937	TRAF3IP1	0.0345937	1.0	PASS	ccg06_TRAF3IP1_del3
RNPEPL1_del3	RNPEPL1	deletion_3bp	input	0	chr2	240568505	CCCG	C	RNPEPL1_del3|input|0	[internal reference omitted]	240568505.0	240568508.0	240568506.5	anchored_deletion_without_anchor	PASS_REF_MATCH	CCCG	240044218	241092794	True	True	MANE_Select_transcript	ENST00000270357.10	ENSG00000142327.13	protein_coding	protein_coding	chr2	+	240565803	240581372	240568483	23.5	23.5	10	1	240568483	23.5	ENST00000270357.10	True	True	True	PASS_CORE_TSS_WINDOW	RNPEPL1	PASS_TARGET_TOP_ABS_EFFECT	1	0.0162111	-0.014611125	RNPEPL1	0.0162111	1.0	PASS	ccg07_RNPEPL1_del3
GSK3B_del1	GSK3B	deletion_1bp	input	0	chr3	120094396	CG	C	GSK3B_del1|input|0	[internal reference omitted]	120094396.0	120094397.0	120094396.5	anchored_deletion_without_anchor	PASS_REF_MATCH	CG	119570108	120618684	True	True	MANE_Select_transcript	ENST00000264235.13	ENSG00000082701.17	protein_coding	protein_coding	chr3	-	119821320	120094994	120094446	49.5	49.5	69	1	120094446	49.5	ENST00000264235.13	True	True	True	PASS_CORE_TSS_WINDOW	GSK3B	WARN_TARGET_NOT_TOP_BUT_COMPARABLE	3	0.010697007	-0.0011180639	ENSG00000288662	0.013413191	0.7974990440380667	WARN	ccg08_GSK3B_del1
SPSB4_snv	SPSB4	substitution_1snv	input	0	chr3	141051408	C	A	SPSB4_snv|input|0	[internal reference omitted]	141051407.0	141051408.0	141051407.5	substitution_interval	PASS_REF_MATCH	C	140527120	141575696	True	True	MANE_Select_transcript	ENST00000310546.3	ENSG00000175093.5	protein_coding	protein_coding	chr3	+	141051346	141148611	141051346	61.5	61.5	4	1	141051346	61.5	ENST00000310546.3	True	True	True	PASS_CORE_TSS_WINDOW	SPSB4	PASS_TARGET_TOP_ABS_EFFECT	1	0.021115065	0.018483639	SPSB4	0.021115065	1.0	PASS	ccg09_SPSB4_snv
GPRIN1_del6	GPRIN1	deletion_6bp	input	0	chr5	176610045	CCCGCCG	C	GPRIN1_del6|input|0	[internal reference omitted]	176610045.0	176610051.0	176610048.0	anchored_deletion_without_anchor	PASS_REF_MATCH	CCCGCCG	176085760	177134336	True	True	MANE_Select_transcript	ENST00000303991.5	ENSG00000169258.7	protein_coding	protein_coding	chr5	-	176595801	176610156	176610155	107.0	107.0	1	1	176610155	107.0	ENST00000303991.5	True	True	True	PASS_CORE_TSS_WINDOW	GPRIN1	PASS_TARGET_TOP_ABS_EFFECT	1	0.0324502	-0.021596432	GPRIN1	0.0324502	1.0	PASS	ccg10_GPRIN1_del6
AUTS2_del6	AUTS2	deletion_6bp	input	0	chr7	69598385	GGGCGGC	G	AUTS2_del6|input|0	[internal reference omitted]	69598385.0	69598391.0	69598388.0	anchored_deletion_without_anchor	PASS_REF_MATCH	GGGCGGC	69074100	70122676	True	True	MANE_Select_transcript	ENST00000342771.10	ENSG00000158321.19	protein_coding	protein_coding	chr7	+	69598295	70793506	69598474	-86.0	86.0	34	1	69598474	-86.0	ENST00000342771.10	True	True	True	PASS_CORE_TSS_WINDOW	AUTS2	WARN_TARGET_NOT_DOMINANT_AG_EFFECT	2	0.011354208	-0.008878231	CT66	0.029470444	0.385274412560598	WARN	ccg11_AUTS2_del6
CNTFR_snv	CNTFR	substitution_1snv	input	0	chr9	34589704	C	T	CNTFR_snv|input|0	[internal reference omitted]	34589703.0	34589704.0	34589703.5	substitution_interval	PASS_REF_MATCH	C	34065416	35113992	True	True	MANE_Select_transcript	ENST00000378980.8	ENSG00000122756.15	protein_coding	protein_coding	chr9	-	34551431	34590140	34589723	19.5	19.5	4	1	34589705	1.5	ENST00000351266.8	True	True	True	PASS_CORE_TSS_WINDOW	CNTFR	PASS_TARGET_TOP_ABS_EFFECT	1	0.013950586	0.004234791	CNTFR	0.013950586	1.0	PASS	ccg12_CNTFR_snv
LOC107984006_BMS1P14_mnv3	BMS1P14	substitution_3bp	input	0	chr9	40584427	CGC	TGT	LOC107984006_BMS1P14_mnv3|input|0	[internal reference omitted]	40584426.0	40584429.0	40584427.5	substitution_interval	PASS_REF_MATCH	CGC	40060140	41108716	True	True	nearest_GENCODE_transcript	ENST00000615056.1	ENSG00000276500.1	lncRNA	lncRNA	chr9	-	40505398	40566281	40566280	-18147.5	18147.5	1	0	40566280	-18147.5	ENST00000615056.1	True	False	False	WARN_DISTAL_TO_ANNOTATED_TSS	BMS1P14	WARN_TARGET_NOT_DOMINANT_AG_EFFECT	2	0.03396797	-0.03396797	ENSG00000289843	0.08585644	0.3956368328339726	WARN	ccg13_LOC107984006_BMS1P14_mnv3
MSANTD3_del6	MSANTD3	deletion_6bp	input	0	chr9	100427250	GCGCCGC	G	MSANTD3_del6|input|0	[internal reference omitted]	100427250.0	100427256.0	100427253.0	anchored_deletion_without_anchor	PASS_REF_MATCH	GCGCCGC	99902965	100951541	True	True	MANE_Select_transcript	ENST00000395067.7	ENSG00000066697.15	protein_coding	protein_coding	chr9	+	100427142	100451734	100427142	111.0	111.0	7	1	100427276	-23.0	ENST00000374885.5	True	True	True	PASS_CORE_TSS_WINDOW	MSANTD3	PASS_TARGET_TOP_ABS_EFFECT	1	0.008821964	0.00805819	MSANTD3	0.008821964	1.0	PASS	ccg14_MSANTD3_del6
NKX6-2_del4	NKX6-2	deletion_4bp	input	0	chr10	132786098	GGGGC	G	NKX6-2_del4|input|0	[internal reference omitted]	132786098.0	132786102.0	132786100.0	anchored_deletion_without_anchor	PASS_REF_MATCH	GGGGC	132261812	133310388	True	True	MANE_Select_transcript	ENST00000368592.8	ENSG00000148826.9	protein_coding	protein_coding	chr10	-	132783178	132786147	132786146	46.0	46.0	2	1	132786146	46.0	ENST00000368592.8	True	True	True	PASS_CORE_TSS_WINDOW	NKX6-2	PASS_TARGET_TOP_ABS_EFFECT	1	0.039762974	-0.039762974	NKX6-2	0.039762974	1.0	PASS	ccg15_NKX6-2_del4
HOXC8_del3	HOXC8	deletion_3bp	input	0	chr12	54009056	CCCG	C	HOXC8_del3|input|0	[internal reference omitted]	54009056.0	54009059.0	54009057.5	anchored_deletion_without_anchor	PASS_REF_MATCH	CCCG	53484769	54533345	True	True	MANE_Select_transcript	ENST00000040584.6	ENSG00000037965.6	protein_coding	protein_coding	chr12	+	54008984	54012769	54008984	73.5	73.5	1	1	54008984	73.5	ENST00000040584.6	True	True	True	PASS_CORE_TSS_WINDOW	HOXC8	PASS_TARGET_TOP_ABS_EFFECT	1	0.016198158	0.015412807	HOXC8	0.016198158	1.0	PASS	ccg16_HOXC8_del3
RBFOX1_del3	RBFOX1	deletion_3bp	input	0	chr16	6018925	TCCG	T	RBFOX1_del3|input|0	[internal reference omitted]	6018925.0	6018928.0	6018926.5	anchored_deletion_without_anchor	PASS_REF_MATCH	TCCG	5494638	6543214	True	True	MANE_Select_transcript	ENST00000550418.6	ENSG00000078328.23	protein_coding	protein_coding	chr16	+	5239801	7713340	6019023	-96.5	96.5	40	1	6019023	-96.5	ENST00000550418.6	True	True	True	PASS_CORE_TSS_WINDOW	RBFOX1	PASS_TARGET_TOP_ABS_EFFECT	1	0.012776375	-0.006005764	RBFOX1	0.012776375	1.0	PASS	ccg17_RBFOX1_del3
SHISA6_del3	SHISA6	deletion_3bp	input	0	chr17	11241059	ACGC	A	SHISA6_del3|input|0	[internal reference omitted]	11241059.0	11241062.0	11241060.5	anchored_deletion_without_anchor	PASS_REF_MATCH	ACGC	10716772	11765348	True	True	MANE_Select_transcript	ENST00000441885.8	ENSG00000188803.15	protein_coding	protein_coding	chr17	+	11241212	11564063	11241212	-151.5	151.5	4	1	11241212	-151.5	ENST00000441885.8	True	True	True	PASS_CORE_TSS_WINDOW	SHISA6	PASS_TARGET_TOP_ABS_EFFECT	1	0.026174068	0.007244587	SHISA6	0.026174068	1.0	PASS	ccg18_SHISA6_del3
PTPRT_del9	PTPRT	deletion_9bp	input	0	chr20	43189982	TGCCGCCGCC	T	PTPRT_del9|input|0	[internal reference omitted]	43189982.0	43189991.0	43189986.5	anchored_deletion_without_anchor	PASS_REF_MATCH	TGCCGCCGCC	42665698	43714274	True	True	MANE_Select_transcript	ENST00000373187.6	ENSG00000196090.14	protein_coding	protein_coding	chr20	-	42072751	43189970	43189905	-81.5	81.5	9	1	43189969	-17.5	ENST00000373201.5	True	True	True	PASS_CORE_TSS_WINDOW	PTPRT	PASS_TARGET_TOP_ABS_EFFECT	1	0.023494005	-0.008404136	PTPRT	0.023494005	1.0	PASS	ccg19_PTPRT_del9
DNAJC5_del3	DNAJC5	deletion_3bp	input	0	chr20	63895194	TGCC	T	DNAJC5_del3|input|0	[internal reference omitted]	63895194.0	63895197.0	63895195.5	anchored_deletion_without_anchor	PASS_REF_MATCH	TGCC	63370907	64419483	True	True	MANE_Select_transcript	ENST00000360864.9	ENSG00000101152.12	protein_coding	protein_coding	chr20	+	63895125	63936031	63895125	70.5	70.5	3	1	63895181	14.5	ENST00000470551.1	True	True	True	PASS_CORE_TSS_WINDOW	DNAJC5	PASS_TARGET_TOP_ABS_EFFECT	1	0.010691449	0.010691449	DNAJC5	0.010691449	1.0	PASS	ccg20_DNAJC5_del3
