null_id	consensus_effect
fixed_RBFOX1_del3_gc20_no_CG_requirement_0296	-0.042716741600000004
fixed_RBFOX1_del3_gc20_no_CG_requirement_0297	0.0061905384
fixed_RBFOX1_del3_gc20_no_CG_requirement_0298	-0.006530523474999999
fixed_RBFOX1_del3_gc20_no_CG_requirement_0299	0.008974194625
fixed_RBFOX1_del3_gc20_no_CG_requirement_0300	-0.0010740759500000004
fixed_RBFOX1_del3_gc20_no_CG_requirement_0301	0.0028142929000000002
fixed_RBFOX1_del3_gc20_no_CG_requirement_0302	-0.0259386302
fixed_RBFOX1_del3_gc20_no_CG_requirement_0303	-0.0016542672000000001
fixed_RBFOX1_del3_gc20_no_CG_requirement_0304	-0.004211664299999999
fixed_RBFOX1_del3_gc20_no_CG_requirement_0305	-0.005755424300000001
fixed_RBFOX1_del3_gc20_no_CG_requirement_0306	-0.0019222497250000001
fixed_RBFOX1_del3_gc20_no_CG_requirement_0307	-0.0558907983
fixed_RBFOX1_del3_gc20_no_CG_requirement_0308	0.019013047375
fixed_RBFOX1_del3_gc20_no_CG_requirement_0309	-0.0347617852
fixed_RBFOX1_del3_gc20_no_CG_requirement_0310	0.024154304799999998
fixed_RBFOX1_del3_gc20_no_CG_requirement_0311	-0.0115804673
fixed_RBFOX1_del3_gc20_no_CG_requirement_0312	0.0076055527000000005
fixed_RBFOX1_del3_gc20_no_CG_requirement_0313	-0.0033230781
fixed_RBFOX1_del3_gc20_no_CG_requirement_0314	-0.0083227153
fixed_RBFOX1_del3_gc20_no_CG_requirement_0315	-0.0019869806
fixed_RBFOX1_del3_gc20_no_CG_requirement_0316	-0.003985285200000001
fixed_RBFOX1_del3_gc20_no_CG_requirement_0317	-0.0557453635
fixed_RBFOX1_del3_gc20_no_CG_requirement_0318	-0.09694397519999999
fixed_RBFOX1_del3_gc20_no_CG_requirement_0319	-0.0026811362
fixed_RBFOX1_del3_gc20_no_CG_requirement_0320	0.0051400661
fixed_RBFOX1_del3_gc20_no_CG_requirement_0321	0.054831981775000004
fixed_RBFOX1_del3_gc20_no_CG_requirement_0322	-0.0209274293
fixed_RBFOX1_del3_gc20_no_CG_requirement_0323	0.05624938026
fixed_RBFOX1_del3_gc20_no_CG_requirement_0324	0.06904196526
fixed_RBFOX1_del3_gc20_no_CG_requirement_0325	0.010802269
fixed_RBFOX1_del3_gc20_no_CG_requirement_0326	0.013931036400000001
fixed_RBFOX1_del3_gc20_no_CG_requirement_0327	0.011459589
fixed_RBFOX1_del3_gc20_no_CG_requirement_0328	0.0202047827
fixed_RBFOX1_del3_gc20_no_CG_requirement_0329	-0.0973328352
fixed_RBFOX1_del3_gc20_no_CG_requirement_0330	0.0048391818999999996
fixed_RBFOX1_del3_gc20_no_CG_requirement_0331	0.009892702100000001
fixed_RBFOX1_del3_gc20_no_CG_requirement_0332	-0.0108969207
fixed_RBFOX1_del3_gc20_no_CG_requirement_0333	0.02268248825
fixed_RBFOX1_del3_gc20_no_CG_requirement_0334	-0.02969241174
fixed_RBFOX1_del3_gc20_no_CG_requirement_0335	0.018154740625
fixed_RBFOX1_del3_gc20_no_CG_requirement_0336	-0.017991781600000003
fixed_RBFOX1_del3_gc20_no_CG_requirement_0337	-0.054846286225
fixed_RBFOX1_del3_gc20_no_CG_requirement_0338	-0.006683826299999999
fixed_RBFOX1_del3_gc20_no_CG_requirement_0339	-0.0529608726
fixed_RBFOX1_del3_gc20_no_CG_requirement_0340	0.0006251335000000001
fixed_RBFOX1_del3_gc20_no_CG_requirement_0341	-0.0143537521
fixed_RBFOX1_del3_gc20_no_CG_requirement_0342	0.029626488525
fixed_RBFOX1_del3_gc20_no_CG_requirement_0343	-0.0447278026
fixed_RBFOX1_del3_gc20_no_CG_requirement_0344	-0.0419247156
fixed_RBFOX1_del3_gc20_no_CG_requirement_0345	0.01681828505
fixed_RBFOX1_del3_gc20_no_CG_requirement_0346	-0.054901361600000004
fixed_RBFOX1_del3_gc20_no_CG_requirement_0347	0.025546550525
fixed_RBFOX1_del3_gc20_no_CG_requirement_0348	-0.0289373396
fixed_RBFOX1_del3_gc20_no_CG_requirement_0349	-0.0008456707000000004
fixed_RBFOX1_del3_gc20_no_CG_requirement_0350	0.0027315617
fixed_RBFOX1_del3_gc20_no_CG_requirement_0351	-0.0134967562
fixed_RBFOX1_del3_gc20_no_CG_requirement_0352	0.043552280124999995
fixed_RBFOX1_del3_gc20_no_CG_requirement_0353	0.0007715224999999999
fixed_RBFOX1_del3_gc20_no_CG_requirement_0354	0.001647591525
fixed_RBFOX1_del3_gc20_no_CG_requirement_0355	-0.033311604300000006
fixed_RBFOX1_del3_gc20_no_CG_requirement_0356	0.00342583658
fixed_RBFOX1_del3_gc20_no_CG_requirement_0357	0.0052714348000000005
fixed_RBFOX1_del3_gc20_no_CG_requirement_0358	0.09927761480000001
fixed_RBFOX1_del3_gc20_no_CG_requirement_0359	0.051965952259999997
fixed_RBFOX1_del3_gc20_no_CG_requirement_0360	0.0144500737
fixed_RBFOX1_del3_gc20_no_CG_requirement_0361	-0.0271823406
fixed_RBFOX1_del3_gc20_no_CG_requirement_0362	-0.041087625600000004
fixed_RBFOX1_del3_gc20_no_CG_requirement_0363	0.0016386509
fixed_RBFOX1_del3_gc20_no_CG_requirement_0364	-0.0792046771
fixed_RBFOX1_del3_gc20_no_CG_requirement_0365	-0.045439720225
fixed_RBFOX1_del3_gc20_no_CG_requirement_0366	-0.049113750299999995
fixed_RBFOX1_del3_gc20_no_CG_requirement_0367	0.0078712703
fixed_RBFOX1_del3_gc20_no_CG_requirement_0368	0.0051853657
fixed_RBFOX1_del3_gc20_no_CG_requirement_0369	-0.0733525755
fixed_RBFOX1_del3_gc20_no_CG_requirement_0370	-0.0529849526
fixed_RBFOX1_del3_gc20_no_CG_requirement_0371	0.0017030239
fixed_RBFOX1_del3_gc20_no_CG_requirement_0372	-0.057093858299999994
fixed_RBFOX1_del3_gc20_no_CG_requirement_0373	0.00341868403
fixed_RBFOX1_del3_gc20_no_CG_requirement_0374	0.023028731625
fixed_RBFOX1_del3_gc20_no_CG_requirement_0375	-0.0470072032
fixed_RBFOX1_del3_gc20_no_CG_requirement_0376	-0.0245554443
fixed_RBFOX1_del3_gc20_no_CG_requirement_0377	0.0173649787
fixed_RBFOX1_del3_gc20_no_CG_requirement_0378	0.0112348798
fixed_RBFOX1_del3_gc20_no_CG_requirement_0379	0.0083038807
fixed_RBFOX1_del3_gc20_no_CG_requirement_0380	0.019539594624999997
fixed_RBFOX1_del3_gc20_no_CG_requirement_0381	-0.0021374226
fixed_RBFOX1_del3_gc20_no_CG_requirement_0382	-0.0020726922
fixed_RBFOX1_del3_gc20_no_CG_requirement_0383	0.022152781025
fixed_RBFOX1_del3_gc20_no_CG_requirement_0384	0.030240297025
fixed_RBFOX1_del3_gc20_no_CG_requirement_0385	0.0021827221000000003
fixed_RBFOX1_del3_gc20_no_CG_requirement_0386	0.010809301775
fixed_RBFOX1_del3_gc20_no_CG_requirement_0387	0.21935582050000002
fixed_RBFOX1_del3_gc20_no_CG_requirement_0388	0.012173891400000001
fixed_RBFOX1_del3_gc20_no_CG_requirement_0389	-0.0235387082
fixed_RBFOX1_del3_gc20_no_CG_requirement_0390	-0.017840802750000002
fixed_RBFOX1_del3_gc20_no_CG_requirement_0391	-0.0038130282999999997
fixed_RBFOX1_del3_gc20_no_CG_requirement_0392	-0.0023216012000000005
fixed_RBFOX1_del3_gc20_no_CG_requirement_0393	-0.0064623353
fixed_RBFOX1_del3_gc20_no_CG_requirement_0394	-0.0529386993
fixed_RBFOX1_del3_gc20_no_CG_requirement_0395	0.058686495699999994
fixed_RBFOX1_del3_gc20_no_CG_requirement_0396	0.0168888567
fixed_RBFOX1_del3_gc20_no_CG_requirement_0397	-0.1092376743
fixed_RBFOX1_del3_gc20_no_CG_requirement_0398	0.009391427175
fixed_RBFOX1_del3_gc20_no_CG_requirement_0399	-0.0065382722
fixed_RBFOX1_del3_gc20_no_CG_requirement_0400	0.006739378
fixed_RBFOX1_del3_gc20_no_CG_requirement_0401	0.0030505656999999997
fixed_RBFOX1_del3_gc20_no_CG_requirement_0402	0.033286333099999996
fixed_RBFOX1_del3_gc20_no_CG_requirement_0403	0.006408453
fixed_RBFOX1_del3_gc20_no_CG_requirement_0404	0.0013668537000000001
fixed_RBFOX1_del3_gc20_no_CG_requirement_0405	0.0092530251
fixed_RBFOX1_del3_gc20_no_CG_requirement_0406	-0.0095844273
fixed_RBFOX1_del3_gc20_no_CG_requirement_0407	0.021083593625
fixed_RBFOX1_del3_gc20_no_CG_requirement_0408	-0.0438503022
fixed_RBFOX1_del3_gc20_no_CG_requirement_0409	0.023656249025
fixed_RBFOX1_del3_gc20_no_CG_requirement_0410	-0.012436390299999999
fixed_RBFOX1_del3_gc20_no_CG_requirement_0411	-0.052997350299999996
fixed_RBFOX1_del3_gc20_no_CG_requirement_0412	-0.0365557656
fixed_RBFOX1_del3_gc20_no_CG_requirement_0413	-0.008712172525
fixed_RBFOX1_del3_gc20_no_CG_requirement_0414	0.024380684025000002
fixed_RBFOX1_del3_gc20_no_CG_requirement_0415	-0.1434010252
fixed_RBFOX1_del3_gc20_no_CG_requirement_0416	0.0037045479
fixed_RBFOX1_del3_gc20_no_CG_requirement_0417	-0.064166188225
fixed_RBFOX1_del3_gc20_no_CG_requirement_0418	-0.0040824415
fixed_RBFOX1_del3_gc20_no_CG_requirement_0419	-0.035364627600000004
fixed_RBFOX1_del3_gc20_no_CG_requirement_0420	-0.0012652873
fixed_RBFOX1_del3_gc20_no_CG_requirement_0421	-0.04521656122499999
fixed_RBFOX1_del3_gc20_no_CG_requirement_0422	0.0186588765
fixed_RBFOX1_del3_gc20_no_CG_requirement_0423	0.0059807301
fixed_RBFOX1_del3_gc20_no_CG_requirement_0424	-0.0390937326
fixed_RBFOX1_del3_gc20_no_CG_requirement_0425	0.02121710705
fixed_RBFOX1_del3_gc20_no_CG_requirement_0426	-0.0483756056
fixed_RBFOX1_del3_gc20_no_CG_requirement_0427	0.09702557125
fixed_RBFOX1_del3_gc20_no_CG_requirement_0428	-0.009782790699999998
fixed_RBFOX1_del3_gc20_no_CG_requirement_0429	-0.0446865543
fixed_RBFOX1_del3_gc20_no_CG_requirement_0430	0.04820561405
fixed_RBFOX1_del3_gc20_no_CG_requirement_0431	-0.0124094483
fixed_RBFOX1_del3_gc20_no_CG_requirement_0432	0.0105245114
fixed_RBFOX1_del3_gc20_no_CG_requirement_0433	-0.0106086733
fixed_RBFOX1_del3_gc20_no_CG_requirement_0434	-0.004871606800000001
fixed_RBFOX1_del3_gc20_no_CG_requirement_0435	0.00698447205
fixed_RBFOX1_del3_gc20_no_CG_requirement_0436	0.0062844754
fixed_RBFOX1_del3_gc20_no_CG_requirement_0437	-0.044409752299999994
fixed_RBFOX1_del3_gc20_no_CG_requirement_0438	0.00678122056
fixed_RBFOX1_del3_gc20_no_CG_requirement_0439	-0.005198240599999999
fixed_RBFOX1_del3_gc20_no_CG_requirement_0440	-0.033484459300000005
fixed_RBFOX1_del3_gc20_no_CG_requirement_0441	-0.0036458969
fixed_RBFOX1_del3_gc20_no_CG_requirement_0442	0.0003364087000000001
fixed_RBFOX1_del3_gc20_no_CG_requirement_0443	-0.0033435823
fixed_RBFOX1_del3_gc20_no_CG_requirement_0444	-0.0062376262000000005
fixed_RBFOX1_del3_gc20_no_CG_requirement_0445	0.011537432825
fixed_RBFOX1_del3_gc20_no_CG_requirement_0446	0.0065748692
fixed_RBFOX1_del3_gc20_no_CG_requirement_0447	-0.0085952283
fixed_RBFOX1_del3_gc20_no_CG_requirement_0448	0.022636294025
fixed_RBFOX1_del3_gc20_no_CG_requirement_0449	-0.0362546443
fixed_RBFOX1_del3_gc20_no_CG_requirement_0450	0.05253005005
fixed_RBFOX1_del3_gc20_no_CG_requirement_0451	-6.890299999999993e-05
fixed_RBFOX1_del3_gc20_no_CG_requirement_0452	-0.0107936863
fixed_RBFOX1_del3_gc20_no_CG_requirement_0453	0.00559854526
fixed_RBFOX1_del3_gc20_no_CG_requirement_0454	0.0193961858
fixed_RBFOX1_del3_gc20_no_CG_requirement_0455	0.0003709793000000001
fixed_RBFOX1_del3_gc20_no_CG_requirement_0456	0.0140599014
fixed_RBFOX1_del3_gc20_no_CG_requirement_0457	-0.016572355975
fixed_RBFOX1_del3_gc20_no_CG_requirement_0458	0.0109333993
fixed_RBFOX1_del3_gc20_no_CG_requirement_0459	0.003829717657
fixed_RBFOX1_del3_gc20_no_CG_requirement_0460	-0.0054423813
fixed_RBFOX1_del3_gc20_no_CG_requirement_0461	-0.017056465225
fixed_RBFOX1_del3_gc20_no_CG_requirement_0462	-0.0369248386
fixed_RBFOX1_del3_gc20_no_CG_requirement_0463	0.0046926738
fixed_RBFOX1_del3_gc20_no_CG_requirement_0464	0.00539588926
fixed_RBFOX1_del3_gc20_no_CG_requirement_0465	-0.003142476200000001
fixed_RBFOX1_del3_gc20_no_CG_requirement_0466	0.0073580742
fixed_RBFOX1_del3_gc20_no_CG_requirement_0467	0.041565418025
fixed_RBFOX1_del3_gc20_no_CG_requirement_0468	0.025806785125000002
fixed_RBFOX1_del3_gc20_no_CG_requirement_0469	0.0083849431
fixed_RBFOX1_del3_gc20_no_CG_requirement_0470	0.06509947740000001
fixed_RBFOX1_del3_gc20_no_CG_requirement_0471	-0.006348371950000001
fixed_RBFOX1_del3_gc20_no_CG_requirement_0472	-0.0051621202
fixed_RBFOX1_del3_gc20_no_CG_requirement_0473	0.07213139705
fixed_RBFOX1_del3_gc20_no_CG_requirement_0474	0.003068924
fixed_RBFOX1_del3_gc20_no_CG_requirement_0475	-0.050062179299999995
fixed_RBFOX1_del3_gc20_no_CG_requirement_0476	0.095930339275
fixed_RBFOX1_del3_gc20_no_CG_requirement_0477	0.00412631034
fixed_RBFOX1_del3_gc20_no_CG_requirement_0478	0.13434708480000002
fixed_RBFOX1_del3_gc20_no_CG_requirement_0479	-0.0065419673
fixed_RBFOX1_del3_gc20_no_CG_requirement_0480	0.015697002775
fixed_RBFOX1_del3_gc20_no_CG_requirement_0481	-0.0460473302
fixed_RBFOX1_del3_gc20_no_CG_requirement_0482	0.0342180734
fixed_RBFOX1_del3_gc20_no_CG_requirement_0483	0.05553972712500001
fixed_RBFOX1_del3_gc20_no_CG_requirement_0484	-0.0317442416
fixed_RBFOX1_del3_gc20_no_CG_requirement_0485	0.00373697283
fixed_RBFOX1_del3_gc20_no_CG_requirement_0486	0.011193514025
fixed_RBFOX1_del3_gc20_no_CG_requirement_0487	0.025222659525000003
fixed_RBFOX1_del3_gc20_no_CG_requirement_0488	-0.00890946395
fixed_RBFOX1_del3_gc20_no_CG_requirement_0489	-0.08430981430000001
fixed_RBFOX1_del3_gc20_no_CG_requirement_0490	-0.0404756056
fixed_RBFOX1_del3_gc20_no_CG_requirement_0491	-0.0877006056
fixed_RBFOX1_del3_gc20_no_CG_requirement_0492	0.0008749961999999999
fixed_RBFOX1_del3_gc20_no_CG_requirement_0493	0.0032849312
fixed_RBFOX1_del3_gc20_no_CG_requirement_0494	-0.029119729599999998
fixed_RBFOX1_del3_gc20_no_CG_requirement_0495	-0.015146970599999999
fixed_RBFOX1_del3_gc20_no_CG_requirement_0496	0.01172399526
fixed_RBFOX1_del3_gc20_no_CG_requirement_0497	-0.02263140695
fixed_RBFOX1_del3_gc20_no_CG_requirement_0498	0.015484809875
fixed_RBFOX1_del3_gc20_no_CG_requirement_0499	-0.0008169412000000008
fixed_RBFOX1_del3_gc20_no_CG_requirement_0500	0.01225304605
fixed_RBFOX1_del3_gc20_no_CG_requirement_0501	0.0414097313
fixed_RBFOX1_del3_gc20_no_CG_requirement_0502	0.0058691502
fixed_RBFOX1_del3_gc20_no_CG_requirement_0503	0.11138248569999999
fixed_RBFOX1_del3_gc20_no_CG_requirement_0504	0.0016741752750000002
fixed_RBFOX1_del3_gc20_no_CG_requirement_0505	0.020865321275
fixed_RBFOX1_del3_gc20_no_CG_requirement_0506	-0.026381611200000002
fixed_RBFOX1_del3_gc20_no_CG_requirement_0507	0.0082185268
fixed_RBFOX1_del3_gc20_no_CG_requirement_0508	0.014380932124999999
fixed_RBFOX1_del3_gc20_no_CG_requirement_0509	-0.00020575525000000004
fixed_RBFOX1_del3_gc20_no_CG_requirement_0510	0.0040435791
fixed_RBFOX1_del3_gc20_no_CG_requirement_0511	-0.0050854686
fixed_RBFOX1_del3_gc20_no_CG_requirement_0512	0.035824656525
fixed_RBFOX1_del3_gc20_no_CG_requirement_0513	0.005259275549999999
fixed_RBFOX1_del3_gc20_no_CG_requirement_0514	-0.0085852143
fixed_RBFOX1_del3_gc20_no_CG_requirement_0515	-0.10475993295
fixed_RBFOX1_del3_gc20_no_CG_requirement_0516	0.0010274648
fixed_RBFOX1_del3_gc20_no_CG_requirement_0517	0.008282423
fixed_RBFOX1_del3_gc20_no_CG_requirement_0518	0.003160000275
fixed_RBFOX1_del3_gc20_no_CG_requirement_0519	-0.0024251935999999997
fixed_RBFOX1_del3_gc20_no_CG_requirement_0520	-0.0047056675999999995
fixed_RBFOX1_del3_gc20_no_CG_requirement_0521	0.009703874500000001
fixed_RBFOX1_del3_gc20_no_CG_requirement_0522	0.014591693775000001
fixed_RBFOX1_del3_gc20_no_CG_requirement_0523	-0.01060557395
fixed_RBFOX1_del3_gc20_no_CG_requirement_0524	0.025533915259999998
fixed_RBFOX1_del3_gc20_no_CG_requirement_0525	0.01026177405
fixed_RBFOX1_del3_gc20_no_CG_requirement_0526	-0.0430395603
fixed_RBFOX1_del3_gc20_no_CG_requirement_0527	0.007846355485
fixed_RBFOX1_del3_gc20_no_CG_requirement_0528	-0.0116008522
fixed_RBFOX1_del3_gc20_no_CG_requirement_0529	-0.0082774163
fixed_RBFOX1_del3_gc20_no_CG_requirement_0530	-0.0025514362250000006
fixed_RBFOX1_del3_gc20_no_CG_requirement_0531	0.0315229894
fixed_RBFOX1_del3_gc20_no_CG_requirement_0532	0.0072071552
fixed_RBFOX1_del3_gc20_no_CG_requirement_0533	-0.039799689975000004
fixed_RBFOX1_del3_gc20_no_CG_requirement_0534	-0.0113124843
fixed_RBFOX1_del3_gc20_no_CG_requirement_0535	0.0008180141999999998
fixed_RBFOX1_del3_gc20_no_CG_requirement_0536	-0.1384466852
fixed_RBFOX1_del3_gc20_no_CG_requirement_0537	0.017031073275
fixed_RBFOX1_del3_gc20_no_CG_requirement_0538	0.009146452
fixed_RBFOX1_del3_gc20_no_CG_requirement_0539	0.04759836226
fixed_RBFOX1_del3_gc20_no_CG_requirement_0540	0.028551101774999997
fixed_RBFOX1_del3_gc20_no_CG_requirement_0541	0.0114412308
fixed_RBFOX1_del3_gc20_no_CG_requirement_0542	0.009345174
fixed_RBFOX1_del3_gc20_no_CG_requirement_0543	0.0636622905
fixed_RBFOX1_del3_gc20_no_CG_requirement_0544	-0.0105228423
fixed_RBFOX1_del3_gc20_no_CG_requirement_0545	0.022005439025
fixed_RBFOX1_del3_gc20_no_CG_requirement_0546	-0.0087805982
fixed_RBFOX1_del3_gc20_no_CG_requirement_0547	0.00442862505
fixed_RBFOX1_del3_gc20_no_CG_requirement_0548	0.0044667721
fixed_RBFOX1_del3_gc20_no_CG_requirement_0549	-0.0005967615000000001
fixed_RBFOX1_del3_gc20_no_CG_requirement_0550	-0.0101230149
fixed_RBFOX1_del3_gc20_no_CG_requirement_0551	0.072425483775
fixed_RBFOX1_del3_gc20_no_CG_requirement_0552	0.026716112799999997
fixed_RBFOX1_del3_gc20_no_CG_requirement_0553	0.0061986447
fixed_RBFOX1_del3_gc20_no_CG_requirement_0554	-0.1261214052
fixed_RBFOX1_del3_gc20_no_CG_requirement_0555	-0.0011116267250000002
fixed_RBFOX1_del3_gc20_no_CG_requirement_0556	-0.0041728023
fixed_RBFOX1_del3_gc20_no_CG_requirement_0557	0.024329424125
fixed_RBFOX1_del3_gc20_no_CG_requirement_0558	0.0011010170000000001
fixed_RBFOX1_del3_gc20_no_CG_requirement_0559	0.0113369228
fixed_RBFOX1_del3_gc20_no_CG_requirement_0560	0.08995151526
fixed_RBFOX1_del3_gc20_no_CG_requirement_0561	-0.0047726633000000004
fixed_RBFOX1_del3_gc20_no_CG_requirement_0562	0.012409687400000001
fixed_RBFOX1_del3_gc20_no_CG_requirement_0563	-0.00812095375
fixed_RBFOX1_del3_gc20_no_CG_requirement_0564	0.0093019009
fixed_RBFOX1_del3_gc20_no_CG_requirement_0565	0.0058016777000000005
fixed_RBFOX1_del3_gc20_no_CG_requirement_0566	0.0021865367999999996
fixed_RBFOX1_del3_gc20_no_CG_requirement_0567	-0.02070403095
fixed_RBFOX1_del3_gc20_no_CG_requirement_0568	-0.0008431672000000006
fixed_RBFOX1_del3_gc20_no_CG_requirement_0569	0.018801927875
fixed_RBFOX1_del3_gc20_no_CG_requirement_0570	0.03760409305
fixed_RBFOX1_del3_gc20_no_CG_requirement_0571	-0.0038046837000000003
fixed_RBFOX1_del3_gc20_no_CG_requirement_0572	0.023129463399999998
fixed_RBFOX1_del3_gc20_no_CG_requirement_0573	-0.0078128572
fixed_RBFOX1_del3_gc20_no_CG_requirement_0574	0.011299133259999998
fixed_RBFOX1_del3_gc20_no_CG_requirement_0575	-0.007680654300000001
fixed_RBFOX1_del3_gc20_no_CG_requirement_0576	0.0029617548999999995
fixed_RBFOX1_del3_gc20_no_CG_requirement_0577	-0.029128551600000004
fixed_RBFOX1_del3_gc20_no_CG_requirement_0578	-0.0051908493
fixed_RBFOX1_del3_gc20_no_CG_requirement_0579	-0.057066678600000004
fixed_RBFOX1_del3_gc20_no_CG_requirement_0580	-0.0244674683
fixed_RBFOX1_del3_gc20_no_CG_requirement_0581	0.0049111842999999995
fixed_RBFOX1_del3_gc20_no_CG_requirement_0582	0.0022616387750000006
fixed_RBFOX1_del3_gc20_no_CG_requirement_0583	-0.0033435823
fixed_RBFOX1_del3_gc20_no_CG_requirement_0584	-0.0471088883
fixed_RBFOX1_del3_gc20_no_CG_requirement_0585	0.0071675778
fixed_RBFOX1_del3_gc20_no_CG_requirement_0586	0.0092191696
fixed_RBFOX1_del3_gc20_no_CG_requirement_0587	0.0006592273999999998
fixed_RBFOX1_del3_gc20_no_CG_requirement_0588	0.0614180573
fixed_RBFOX1_del3_gc20_no_CG_requirement_0589	0.0211294888
fixed_RBFOX1_del3_gc20_no_CG_requirement_0590	-0.0034277439000000003
fixed_RBFOX1_del3_gc20_no_CG_requirement_0591	0.0095595123
fixed_RBFOX1_del3_gc20_no_CG_requirement_0592	-0.0086345673
fixed_RBFOX1_del3_gc20_no_CG_requirement_0593	0.01562333126
fixed_RBFOX1_del3_gc20_no_CG_requirement_0594	-0.048248768299999995
fixed_RBFOX1_del3_gc20_no_CG_requirement_0595	-0.0525655743
fixed_RBFOX1_del3_gc20_no_CG_requirement_0596	0.027772188524999998
fixed_RBFOX1_del3_gc20_no_CG_requirement_0597	0.0080695152
fixed_RBFOX1_del3_gc20_no_CG_requirement_0598	-0.0109434128
fixed_RBFOX1_del3_gc20_no_CG_requirement_0599	-0.0337320552
fixed_RBFOX1_del3_gc20_no_CG_requirement_0600	-0.050094128225
fixed_RBFOX1_del3_gc20_no_CG_requirement_0601	-0.004307389200000001
fixed_RBFOX1_del3_gc20_no_CG_requirement_0602	0.0007674693999999999
fixed_RBFOX1_del3_gc20_no_CG_requirement_0603	-0.0061199666
fixed_RBFOX1_del3_gc20_no_CG_requirement_0604	-0.0027759073
fixed_RBFOX1_del3_gc20_no_CG_requirement_0605	0.0056796074
fixed_RBFOX1_del3_gc20_no_CG_requirement_0606	-0.006019830950000001
fixed_RBFOX1_del3_gc20_no_CG_requirement_0607	0.014701247375
fixed_RBFOX1_del3_gc20_no_CG_requirement_0608	0.022962212525
fixed_RBFOX1_del3_gc20_no_CG_requirement_0609	0.024118900625000002
fixed_RBFOX1_del3_gc20_no_CG_requirement_0610	-0.0037677286000000003
fixed_RBFOX1_del3_gc20_no_CG_requirement_0611	0.099662900025
fixed_RBFOX1_del3_gc20_no_CG_requirement_0612	0.016091823875
fixed_RBFOX1_del3_gc20_no_CG_requirement_0613	-0.03377437430000001
fixed_RBFOX1_del3_gc20_no_CG_requirement_0614	-0.01301836995
fixed_RBFOX1_del3_gc20_no_CG_requirement_0615	0.0080361366
fixed_RBFOX1_del3_gc20_no_CG_requirement_0616	0.046601891799999996
fixed_RBFOX1_del3_gc20_no_CG_requirement_0617	0.020028472125000002
fixed_RBFOX1_del3_gc20_no_CG_requirement_0618	0.0095010996
fixed_RBFOX1_del3_gc20_no_CG_requirement_0619	0.0152708293
fixed_RBFOX1_del3_gc20_no_CG_requirement_0620	0.0030802489999999997
fixed_RBFOX1_del3_gc20_no_CG_requirement_0621	0.0049529076000000005
fixed_RBFOX1_del3_gc20_no_CG_requirement_0622	0.01489710805
fixed_RBFOX1_del3_gc20_no_CG_requirement_0623	-0.0092196463
fixed_RBFOX1_del3_gc20_no_CG_requirement_0624	-0.12824272987500002
fixed_RBFOX1_del3_gc20_no_CG_requirement_0625	-0.0427877906
fixed_RBFOX1_del3_gc20_no_CG_requirement_0626	-0.0517745016
fixed_RBFOX1_del3_gc20_no_CG_requirement_0627	-0.05726957474
fixed_RBFOX1_del3_gc20_no_CG_requirement_0628	0.00269413
fixed_RBFOX1_del3_gc20_no_CG_requirement_0629	0.007580399475
fixed_RBFOX1_del3_gc20_no_CG_requirement_0630	-0.0427398686
fixed_RBFOX1_del3_gc20_no_CG_requirement_0631	0.00936329375
fixed_RBFOX1_del3_gc20_no_CG_requirement_0632	-0.011977672299999999
fixed_RBFOX1_del3_gc20_no_CG_requirement_0633	0.08899521569999999
fixed_RBFOX1_del3_gc20_no_CG_requirement_0634	-0.005699038200000001
fixed_RBFOX1_del3_gc20_no_CG_requirement_0635	0.021207928525000003
fixed_RBFOX1_del3_gc20_no_CG_requirement_0636	0.0009444952999999997
fixed_RBFOX1_del3_gc20_no_CG_requirement_0637	-0.0035560128999999998
fixed_RBFOX1_del3_gc20_no_CG_requirement_0638	0.026187777525
fixed_RBFOX1_del3_gc20_no_CG_requirement_0639	0.0099743606
fixed_RBFOX1_del3_gc20_no_CG_requirement_0640	0.014505863400000001
fixed_RBFOX1_del3_gc20_no_CG_requirement_0641	-0.005994796300000001
fixed_RBFOX1_del3_gc20_no_CG_requirement_0642	0.0029234886
fixed_RBFOX1_del3_gc20_no_CG_requirement_0643	0.0039432048899999995
fixed_RBFOX1_del3_gc20_no_CG_requirement_0644	-0.0480086806
fixed_RBFOX1_del3_gc20_no_CG_requirement_0645	-0.080555856025
fixed_RBFOX1_del3_gc20_no_CG_requirement_0646	0.001497507175
fixed_RBFOX1_del3_gc20_no_CG_requirement_0647	0.06961846569999999
fixed_RBFOX1_del3_gc20_no_CG_requirement_0648	-0.012890339300000001
fixed_RBFOX1_del3_gc20_no_CG_requirement_0649	0.031040072624999998
fixed_RBFOX1_del3_gc20_no_CG_requirement_0650	-0.01077532774
fixed_RBFOX1_del3_gc20_no_CG_requirement_0651	-0.053974390299999994
fixed_RBFOX1_del3_gc20_no_CG_requirement_0652	0.1636495557
fixed_RBFOX1_del3_gc20_no_CG_requirement_0653	-0.034829139300000006
fixed_RBFOX1_del3_gc20_no_CG_requirement_0654	0.0008993148999999999
fixed_RBFOX1_del3_gc20_no_CG_requirement_0655	0.00301146508
fixed_RBFOX1_del3_gc20_no_CG_requirement_0656	0.015196800625
fixed_RBFOX1_del3_gc20_no_CG_requirement_0657	0.0028383733
fixed_RBFOX1_del3_gc20_no_CG_requirement_0658	-0.028522729600000005
fixed_RBFOX1_del3_gc20_no_CG_requirement_0659	0.0128953457
fixed_RBFOX1_del3_gc20_no_CG_requirement_0660	0.0020961762
fixed_RBFOX1_del3_gc20_no_CG_requirement_0661	0.00014793882499999998
fixed_RBFOX1_del3_gc20_no_CG_requirement_0662	-0.040363311299999996
fixed_RBFOX1_del3_gc20_no_CG_requirement_0663	-0.0061454773
fixed_RBFOX1_del3_gc20_no_CG_requirement_0664	0.08036780539999999
fixed_RBFOX1_del3_gc20_no_CG_requirement_0665	0.0091588495
fixed_RBFOX1_del3_gc20_no_CG_requirement_0666	-0.0038876533
fixed_RBFOX1_del3_gc20_no_CG_requirement_0667	-0.0006892681500000001
fixed_RBFOX1_del3_gc20_no_CG_requirement_0668	-0.0124112362
fixed_RBFOX1_del3_gc20_no_CG_requirement_0669	-0.047386885600000005
fixed_RBFOX1_del3_gc20_no_CG_requirement_0670	-0.0045008663
fixed_RBFOX1_del3_gc20_no_CG_requirement_0671	-0.0029940603000000003
fixed_RBFOX1_del3_gc20_no_CG_requirement_0672	-0.00032687190000000015
fixed_RBFOX1_del3_gc20_no_CG_requirement_0673	0.013050794625
fixed_RBFOX1_del3_gc20_no_CG_requirement_0674	-0.0332057476
fixed_RBFOX1_del3_gc20_no_CG_requirement_0675	-0.1186591352
fixed_RBFOX1_del3_gc20_no_CG_requirement_0676	-0.0195260043
fixed_RBFOX1_del3_gc20_no_CG_requirement_0677	-0.01211088875
fixed_RBFOX1_del3_gc20_no_CG_requirement_0678	-0.031597852225
fixed_RBFOX1_del3_gc20_no_CG_requirement_0679	0.0071744919
fixed_RBFOX1_del3_gc20_no_CG_requirement_0680	-0.0023651122999999996
fixed_RBFOX1_del3_gc20_no_CG_requirement_0681	0.0065057278
fixed_RBFOX1_del3_gc20_no_CG_requirement_0682	0.0031337738
fixed_RBFOX1_del3_gc20_no_CG_requirement_0683	-0.06659150159999999
fixed_RBFOX1_del3_gc20_no_CG_requirement_0684	0.0097200871
fixed_RBFOX1_del3_gc20_no_CG_requirement_0685	-0.0044937133
fixed_RBFOX1_del3_gc20_no_CG_requirement_0686	0.0022623539
fixed_RBFOX1_del3_gc20_no_CG_requirement_0687	-0.0003424877500000003
fixed_RBFOX1_del3_gc20_no_CG_requirement_0688	-0.02552938474
fixed_RBFOX1_del3_gc20_no_CG_requirement_0689	0.0081694126
fixed_RBFOX1_del3_gc20_no_CG_requirement_0690	0.0636470305
fixed_RBFOX1_del3_gc20_no_CG_requirement_0691	-0.0068962573
fixed_RBFOX1_del3_gc20_no_CG_requirement_0692	-0.00803351395
fixed_RBFOX1_del3_gc20_no_CG_requirement_0693	0.0007891654999999998
fixed_RBFOX1_del3_gc20_no_CG_requirement_0694	-0.036306619299999995
fixed_RBFOX1_del3_gc20_no_CG_requirement_0695	-0.014896631300000001
fixed_RBFOX1_del3_gc20_no_CG_requirement_0696	-0.0058581829500000005
fixed_RBFOX1_del3_gc20_no_CG_requirement_0697	-0.0006797313000000004
fixed_RBFOX1_del3_gc20_no_CG_requirement_0698	-0.06068539295
fixed_RBFOX1_del3_gc20_no_CG_requirement_0699	0.038751840100000004
fixed_RBFOX1_del3_gc20_no_CG_requirement_0700	-0.00606894495
fixed_RBFOX1_del3_gc20_no_CG_requirement_0701	-0.0595166656
fixed_RBFOX1_del3_gc20_no_CG_requirement_0702	0.004453301599999999
fixed_RBFOX1_del3_gc20_no_CG_requirement_0703	-0.0015940665999999997
fixed_RBFOX1_del3_gc20_no_CG_requirement_0704	0.0282406807
fixed_RBFOX1_del3_gc20_no_CG_requirement_0705	-0.00901007695
fixed_RBFOX1_del3_gc20_no_CG_requirement_0706	-0.005876779499999999
fixed_RBFOX1_del3_gc20_no_CG_requirement_0707	-0.0494039056
fixed_RBFOX1_del3_gc20_no_CG_requirement_0708	-0.005601406099999999
fixed_RBFOX1_del3_gc20_no_CG_requirement_0709	-0.0042444462
fixed_RBFOX1_del3_gc20_no_CG_requirement_0710	-0.0328830482
fixed_RBFOX1_del3_gc20_no_CG_requirement_0711	-0.0051658154999999996
fixed_RBFOX1_del3_gc20_no_CG_requirement_0712	-0.03740954295
fixed_RBFOX1_del3_gc20_no_CG_requirement_0713	-0.0016963482000000004
fixed_RBFOX1_del3_gc20_no_CG_requirement_0714	-0.03008770995
fixed_RBFOX1_del3_gc20_no_CG_requirement_0715	-0.00024127959999999983
fixed_RBFOX1_del3_gc20_no_CG_requirement_0716	-0.0041451453
fixed_RBFOX1_del3_gc20_no_CG_requirement_0717	0.016287207625
fixed_RBFOX1_del3_gc20_no_CG_requirement_0718	-0.030810832600000004
fixed_RBFOX1_del3_gc20_no_CG_requirement_0719	-0.0015349387999999999
fixed_RBFOX1_del3_gc20_no_CG_requirement_0720	0.0074219704
fixed_RBFOX1_del3_gc20_no_CG_requirement_0721	-0.0452818856
fixed_RBFOX1_del3_gc20_no_CG_requirement_0722	-0.0433542726
fixed_RBFOX1_del3_gc20_no_CG_requirement_0723	0.0074608325
fixed_RBFOX1_del3_gc20_no_CG_requirement_0724	-0.0142292971
fixed_RBFOX1_del3_gc20_no_CG_requirement_0725	0.0105942488
fixed_RBFOX1_del3_gc20_no_CG_requirement_0726	-0.058115004299999995
fixed_RBFOX1_del3_gc20_no_CG_requirement_0727	-0.029594421300000003
fixed_RBFOX1_del3_gc20_no_CG_requirement_0728	0.07590818569999999
fixed_RBFOX1_del3_gc20_no_CG_requirement_0729	-0.039214849600000004
fixed_RBFOX1_del3_gc20_no_CG_requirement_0730	0.009372115299999999
fixed_RBFOX1_del3_gc20_no_CG_requirement_0731	0.0113461018
fixed_RBFOX1_del3_gc20_no_CG_requirement_0732	0.03677725705
fixed_RBFOX1_del3_gc20_no_CG_requirement_0733	-0.0013701916
fixed_RBFOX1_del3_gc20_no_CG_requirement_0734	0.027030945125
fixed_RBFOX1_del3_gc20_no_CG_requirement_0735	0.0168185237
fixed_RBFOX1_del3_gc20_no_CG_requirement_0736	-0.0164277556
fixed_RBFOX1_del3_gc20_no_CG_requirement_0737	0.0089664459
fixed_RBFOX1_del3_gc20_no_CG_requirement_0738	0.0023200512
fixed_RBFOX1_del3_gc20_no_CG_requirement_0739	-0.0008594989999999997
fixed_RBFOX1_del3_gc20_no_CG_requirement_0740	-0.0027909279
fixed_RBFOX1_del3_gc20_no_CG_requirement_0741	-0.0016944406
fixed_RBFOX1_del3_gc20_no_CG_requirement_0742	-0.0008692743000000003
fixed_RBFOX1_del3_gc20_no_CG_requirement_0743	-0.0765340356
fixed_RBFOX1_del3_gc20_no_CG_requirement_0744	-0.0072996619499999995
fixed_RBFOX1_del3_gc20_no_CG_requirement_0745	-0.032257080300000004
fixed_RBFOX1_del3_gc20_no_CG_requirement_0746	-0.0234894753
fixed_RBFOX1_del3_gc20_no_CG_requirement_0747	-0.0008001327000000001
fixed_RBFOX1_del3_gc20_no_CG_requirement_0748	0.031023741259999998
fixed_RBFOX1_del3_gc20_no_CG_requirement_0749	7.915500000000002e-05
fixed_RBFOX1_del3_gc20_no_CG_requirement_0750	0.0029718876
fixed_RBFOX1_del3_gc20_no_CG_requirement_0751	0.011809468375
fixed_RBFOX1_del3_gc20_no_CG_requirement_0752	-0.013522267374999999
fixed_RBFOX1_del3_gc20_no_CG_requirement_0753	-0.0506832596
fixed_RBFOX1_del3_gc20_no_CG_requirement_0754	0.00139021875
fixed_RBFOX1_del3_gc20_no_CG_requirement_0755	0.00624156
fixed_RBFOX1_del3_gc20_no_CG_requirement_0756	0.00370049479
fixed_RBFOX1_del3_gc20_no_CG_requirement_0757	-0.0049481392999999995
fixed_RBFOX1_del3_gc20_no_CG_requirement_0758	-0.0406064986
fixed_RBFOX1_del3_gc20_no_CG_requirement_0759	0.0097045899
fixed_RBFOX1_del3_gc20_no_CG_requirement_0760	0.0028500557
fixed_RBFOX1_del3_gc20_no_CG_requirement_0761	0.0065238477
fixed_RBFOX1_del3_gc20_no_CG_requirement_0762	-0.0035002231000000003
fixed_RBFOX1_del3_gc20_no_CG_requirement_0763	-0.0187020303
fixed_RBFOX1_del3_gc20_no_CG_requirement_0764	-0.0056880712
fixed_RBFOX1_del3_gc20_no_CG_requirement_0765	-0.005469560300000001
fixed_RBFOX1_del3_gc20_no_CG_requirement_0766	0.00550031666
fixed_RBFOX1_del3_gc20_no_CG_requirement_0767	0.0037959812749999997
fixed_RBFOX1_del3_gc20_no_CG_requirement_0768	-9.417535000000006e-05
fixed_RBFOX1_del3_gc20_no_CG_requirement_0769	-0.0010907648999999996
fixed_RBFOX1_del3_gc20_no_CG_requirement_0770	-0.035751581899999996
fixed_RBFOX1_del3_gc20_no_CG_requirement_0771	-0.0453619956
fixed_RBFOX1_del3_gc20_no_CG_requirement_0772	0.020167231799999998
fixed_RBFOX1_del3_gc20_no_CG_requirement_0773	0.0049109459
fixed_RBFOX1_del3_gc20_no_CG_requirement_0774	-0.0020942688999999997
fixed_RBFOX1_del3_gc20_no_CG_requirement_0775	0.0063512325
fixed_RBFOX1_del3_gc20_no_CG_requirement_0776	0.0100996495
fixed_RBFOX1_del3_gc20_no_CG_requirement_0777	0.0249752997
fixed_RBFOX1_del3_gc20_no_CG_requirement_0778	-0.049677848600000005
fixed_RBFOX1_del3_gc20_no_CG_requirement_0779	0.0124475954
fixed_RBFOX1_del3_gc20_no_CG_requirement_0780	0.0016356708
fixed_RBFOX1_del3_gc20_no_CG_requirement_0781	-0.006727695299999999
fixed_RBFOX1_del3_gc20_no_CG_requirement_0782	-0.0012331008999999999
fixed_RBFOX1_del3_gc20_no_CG_requirement_0783	0.0060002804
fixed_RBFOX1_del3_gc20_no_CG_requirement_0784	0.0136785507
fixed_RBFOX1_del3_gc20_no_CG_requirement_0785	0.1487544748
fixed_RBFOX1_del3_gc20_no_CG_requirement_0786	0.01667642526
fixed_RBFOX1_del3_gc20_no_CG_requirement_0787	-0.0360102656
fixed_RBFOX1_del3_gc20_no_CG_requirement_0788	-0.0065152645
fixed_RBFOX1_del3_gc20_no_CG_requirement_0789	-0.0007724762999999999
fixed_RBFOX1_del3_gc20_no_CG_requirement_0790	0.0041930675399999996
fixed_RBFOX1_del3_gc20_no_CG_requirement_0791	0.0267180208
fixed_RBFOX1_del3_gc20_no_CG_requirement_0792	-0.0457675456
fixed_RBFOX1_del3_gc20_no_CG_requirement_0793	0.041191102125000004
fixed_RBFOX1_del3_gc20_no_CG_requirement_0794	0.032232761525
fixed_RBFOX1_del3_gc20_no_CG_requirement_0795	0.002245903
fixed_RBFOX1_del3_gc20_no_CG_requirement_0796	-0.0099630353
fixed_RBFOX1_del3_gc20_no_CG_requirement_0797	0.11361348480000001
fixed_RBFOX1_del3_gc20_no_CG_requirement_0798	0.00403809547
fixed_RBFOX1_del3_gc20_no_CG_requirement_0799	-0.04832768447499999
fixed_RBFOX1_del3_gc20_no_CG_requirement_0800	0.016329169174999998
fixed_RBFOX1_del3_gc20_no_CG_requirement_0801	-0.1250264656
fixed_RBFOX1_del3_gc20_no_CG_requirement_0802	-0.07471656430000001
fixed_RBFOX1_del3_gc20_no_CG_requirement_0803	0.027361750625
fixed_RBFOX1_del3_gc20_no_CG_requirement_0804	0.0046224592600000005
fixed_RBFOX1_del3_gc20_no_CG_requirement_0805	-0.0344893936
fixed_RBFOX1_del3_gc20_no_CG_requirement_0806	-0.0011849402999999999
fixed_RBFOX1_del3_gc20_no_CG_requirement_0807	0.01590514205
fixed_RBFOX1_del3_gc20_no_CG_requirement_0808	0.0057641268999999995
fixed_RBFOX1_del3_gc20_no_CG_requirement_0809	0.012558102799999998
fixed_RBFOX1_del3_gc20_no_CG_requirement_0810	-0.02736544595
fixed_RBFOX1_del3_gc20_no_CG_requirement_0811	0.0010586978249999997
fixed_RBFOX1_del3_gc20_no_CG_requirement_0812	0.0089156627
fixed_RBFOX1_del3_gc20_no_CG_requirement_0813	-0.0482621193
fixed_RBFOX1_del3_gc20_no_CG_requirement_0814	0.0069857836999999996
fixed_RBFOX1_del3_gc20_no_CG_requirement_0815	-0.00619196895
fixed_RBFOX1_del3_gc20_no_CG_requirement_0816	0.014596343100000003
fixed_RBFOX1_del3_gc20_no_CG_requirement_0817	-0.0268507003
fixed_RBFOX1_del3_gc20_no_CG_requirement_0818	-0.0070044993
fixed_RBFOX1_del3_gc20_no_CG_requirement_0819	0.0192673204
fixed_RBFOX1_del3_gc20_no_CG_requirement_0820	-0.0016977787000000003
fixed_RBFOX1_del3_gc20_no_CG_requirement_0821	0.018082857049999998
fixed_RBFOX1_del3_gc20_no_CG_requirement_0822	0.002068758
fixed_RBFOX1_del3_gc20_no_CG_requirement_0823	-0.0474538806
fixed_RBFOX1_del3_gc20_no_CG_requirement_0824	0.0014433860599999998
fixed_RBFOX1_del3_gc20_no_CG_requirement_0825	-0.004162549925
fixed_RBFOX1_del3_gc20_no_CG_requirement_0826	0.0021467209000000003
fixed_RBFOX1_del3_gc20_no_CG_requirement_0827	-0.0504950282
fixed_RBFOX1_del3_gc20_no_CG_requirement_0828	0.003976464275
fixed_RBFOX1_del3_gc20_no_CG_requirement_0829	0.0294077401
fixed_RBFOX1_del3_gc20_no_CG_requirement_0830	-0.0060057636
fixed_RBFOX1_del3_gc20_no_CG_requirement_0831	-0.10661959430000001
fixed_RBFOX1_del3_gc20_no_CG_requirement_0832	0.021320104525
fixed_RBFOX1_del3_gc20_no_CG_requirement_0833	0.03365922005
fixed_RBFOX1_del3_gc20_no_CG_requirement_0834	0.053871393700000006
fixed_RBFOX1_del3_gc20_no_CG_requirement_0835	0.0068209171
fixed_RBFOX1_del3_gc20_no_CG_requirement_0836	0.007925271959999999
fixed_RBFOX1_del3_gc20_no_CG_requirement_0837	-0.016734957725
fixed_RBFOX1_del3_gc20_no_CG_requirement_0838	0.0237667565
fixed_RBFOX1_del3_gc20_no_CG_requirement_0839	0.0009922981
fixed_RBFOX1_del3_gc20_no_CG_requirement_0840	0.0311751361
fixed_RBFOX1_del3_gc20_no_CG_requirement_0841	-0.0246036053
fixed_RBFOX1_del3_gc20_no_CG_requirement_0842	0.034669757025
fixed_RBFOX1_del3_gc20_no_CG_requirement_0843	0.1013796344
fixed_RBFOX1_del3_gc20_no_CG_requirement_0844	-0.00036728370000000017
fixed_RBFOX1_del3_gc20_no_CG_requirement_0845	0.0011639595000000002
fixed_RBFOX1_del3_gc20_no_CG_requirement_0846	0.0028796196
fixed_RBFOX1_del3_gc20_no_CG_requirement_0847	0.0031555891999999995
fixed_RBFOX1_del3_gc20_no_CG_requirement_0848	-0.00248932834
fixed_RBFOX1_del3_gc20_no_CG_requirement_0849	0.04857826226
fixed_RBFOX1_del3_gc20_no_CG_requirement_0850	0.013451338049999999
fixed_RBFOX1_del3_gc20_no_CG_requirement_0851	0.0014324187999999998
fixed_RBFOX1_del3_gc20_no_CG_requirement_0852	-0.0106179713
fixed_RBFOX1_del3_gc20_no_CG_requirement_0853	-0.0067572593
fixed_RBFOX1_del3_gc20_no_CG_requirement_0854	-0.0472170112
fixed_RBFOX1_del3_gc20_no_CG_requirement_0855	0.0722613357
fixed_RBFOX1_del3_gc20_no_CG_requirement_0856	0.0191254613
fixed_RBFOX1_del3_gc20_no_CG_requirement_0857	0.2479135981
fixed_RBFOX1_del3_gc20_no_CG_requirement_0858	0.021665692625
fixed_RBFOX1_del3_gc20_no_CG_requirement_0859	0.0141818527
fixed_RBFOX1_del3_gc20_no_CG_requirement_0860	0.0011355876999999998
fixed_RBFOX1_del3_gc20_no_CG_requirement_0861	0.038803695525
fixed_RBFOX1_del3_gc20_no_CG_requirement_0862	-0.06589412430000001
fixed_RBFOX1_del3_gc20_no_CG_requirement_0863	0.030792475125
fixed_RBFOX1_del3_gc20_no_CG_requirement_0864	-0.03914237030000001
fixed_RBFOX1_del3_gc20_no_CG_requirement_0865	-0.11487936950000001
fixed_RBFOX1_del3_gc20_no_CG_requirement_0866	0.0023603439
fixed_RBFOX1_del3_gc20_no_CG_requirement_0867	-0.0384092326
fixed_RBFOX1_del3_gc20_no_CG_requirement_0868	0.0388343335
fixed_RBFOX1_del3_gc20_no_CG_requirement_0869	0.0047854186
fixed_RBFOX1_del3_gc20_no_CG_requirement_0870	0.031100035300000002
fixed_RBFOX1_del3_gc20_no_CG_requirement_0871	0.0207312107
fixed_RBFOX1_del3_gc20_no_CG_requirement_0872	-0.0009720326
fixed_RBFOX1_del3_gc20_no_CG_requirement_0873	0.00275492665
fixed_RBFOX1_del3_gc20_no_CG_requirement_0874	0.030408977775
fixed_RBFOX1_del3_gc20_no_CG_requirement_0875	-0.02851891495
fixed_RBFOX1_del3_gc20_no_CG_requirement_0876	0.008606910700000001
fixed_RBFOX1_del3_gc20_no_CG_requirement_0877	-0.0723364343
fixed_RBFOX1_del3_gc20_no_CG_requirement_0878	-0.05933332560000001
fixed_RBFOX1_del3_gc20_no_CG_requirement_0879	0.0366185891
fixed_RBFOX1_del3_gc20_no_CG_requirement_0880	0.0049433708
fixed_RBFOX1_del3_gc20_no_CG_requirement_0881	0.043684363025000006
fixed_RBFOX1_del3_gc20_no_CG_requirement_0882	-0.0550477503
fixed_RBFOX1_del3_gc20_no_CG_requirement_0883	0.00096869465
fixed_RBFOX1_del3_gc20_no_CG_requirement_0884	0.0105924607
fixed_RBFOX1_del3_gc20_no_CG_requirement_0885	-0.0121424196
fixed_RBFOX1_del3_gc20_no_CG_requirement_0886	0.005496740349999999
fixed_RBFOX1_del3_gc20_no_CG_requirement_0887	-0.0541317456
fixed_RBFOX1_del3_gc20_no_CG_requirement_0888	-0.0192935463
fixed_RBFOX1_del3_gc20_no_CG_requirement_0889	0.05335235526
fixed_RBFOX1_del3_gc20_no_CG_requirement_0890	-0.082060813225
fixed_RBFOX1_del3_gc20_no_CG_requirement_0891	-0.0021111966
fixed_RBFOX1_del3_gc20_no_CG_requirement_0892	-0.0253322123
fixed_RBFOX1_del3_gc20_no_CG_requirement_0893	-0.0038180351
fixed_RBFOX1_del3_gc20_no_CG_requirement_0894	0.0002682208999999999
fixed_RBFOX1_del3_gc20_no_CG_requirement_0895	0.0771770457
fixed_RBFOX1_del3_gc20_no_CG_requirement_0896	0.0003427267999999992
fixed_RBFOX1_del3_gc20_no_CG_requirement_0897	0.0011272431
fixed_RBFOX1_del3_gc20_no_CG_requirement_0898	0.0031402111
fixed_RBFOX1_del3_gc20_no_CG_requirement_0899	-0.0034015179000000005
fixed_RBFOX1_del3_gc20_no_CG_requirement_0900	0.0044717789
fixed_RBFOX1_del3_gc20_no_CG_requirement_0901	0.0084351302
fixed_RBFOX1_del3_gc20_no_CG_requirement_0902	0.0141247512
fixed_RBFOX1_del3_gc20_no_CG_requirement_0903	-0.034805774299999995
fixed_RBFOX1_del3_gc20_no_CG_requirement_0904	0.0022132396499999997
fixed_RBFOX1_del3_gc20_no_CG_requirement_0905	-0.1188054083
fixed_RBFOX1_del3_gc20_no_CG_requirement_0906	0.0014964342499999995
fixed_RBFOX1_del3_gc20_no_CG_requirement_0907	0.04519605526
fixed_RBFOX1_del3_gc20_no_CG_requirement_0908	-0.0547859665
fixed_RBFOX1_del3_gc20_no_CG_requirement_0909	-0.056664228299999994
fixed_RBFOX1_del3_gc20_no_CG_requirement_0910	-0.011625528599999999
fixed_RBFOX1_del3_gc20_no_CG_requirement_0911	0.034859895525000004
fixed_RBFOX1_del3_gc20_no_CG_requirement_0912	-0.0532014356
fixed_RBFOX1_del3_gc20_no_CG_requirement_0913	0.0004980563999999999
fixed_RBFOX1_del3_gc20_no_CG_requirement_0914	0.012980341999999999
fixed_RBFOX1_del3_gc20_no_CG_requirement_0915	0.0010460616250000001
fixed_RBFOX1_del3_gc20_no_CG_requirement_0916	-0.0042157175000000005
fixed_RBFOX1_del3_gc20_no_CG_requirement_0917	0.00423932075
fixed_RBFOX1_del3_gc20_no_CG_requirement_0918	0.0005732777999999999
fixed_RBFOX1_del3_gc20_no_CG_requirement_0919	-0.005399346345
fixed_RBFOX1_del3_gc20_no_CG_requirement_0920	0.032570124024999994
fixed_RBFOX1_del3_gc20_no_CG_requirement_0921	-0.00726532895
fixed_RBFOX1_del3_gc20_no_CG_requirement_0922	0.021496891975
fixed_RBFOX1_del3_gc20_no_CG_requirement_0923	0.02218771026
fixed_RBFOX1_del3_gc20_no_CG_requirement_0924	0.0110766888
fixed_RBFOX1_del3_gc20_no_CG_requirement_0925	0.0053193569
fixed_RBFOX1_del3_gc20_no_CG_requirement_0926	-0.0324926376
fixed_RBFOX1_del3_gc20_no_CG_requirement_0927	0.009387016259999999
fixed_RBFOX1_del3_gc20_no_CG_requirement_0928	-0.0381947752
fixed_RBFOX1_del3_gc20_no_CG_requirement_0929	0.030227422525
fixed_RBFOX1_del3_gc20_no_CG_requirement_0930	-0.04097384275
fixed_RBFOX1_del3_gc20_no_CG_requirement_0931	-0.057505011200000004
fixed_RBFOX1_del3_gc20_no_CG_requirement_0932	-0.0592734827
fixed_RBFOX1_del3_gc20_no_CG_requirement_0933	-0.055116175600000004
fixed_RBFOX1_del3_gc20_no_CG_requirement_0934	0.0035892725999999995
fixed_RBFOX1_del3_gc20_no_CG_requirement_0935	-0.0041902065999999995
fixed_RBFOX1_del3_gc20_no_CG_requirement_0936	-0.031041384740000004
fixed_RBFOX1_del3_gc20_no_CG_requirement_0937	-0.0027430058
fixed_RBFOX1_del3_gc20_no_CG_requirement_0938	-0.007133722300000001
fixed_RBFOX1_del3_gc20_no_CG_requirement_0939	0.022047639025
fixed_RBFOX1_del3_gc20_no_CG_requirement_0940	0.0137894151
fixed_RBFOX1_del3_gc20_no_CG_requirement_0941	0.00388813021
fixed_RBFOX1_del3_gc20_no_CG_requirement_0942	-0.003075599675
fixed_RBFOX1_del3_gc20_no_CG_requirement_0943	-0.0263535973
fixed_RBFOX1_del3_gc20_no_CG_requirement_0944	0.0036625862199999998
fixed_RBFOX1_del3_gc20_no_CG_requirement_0945	0.0201935767
fixed_RBFOX1_del3_gc20_no_CG_requirement_0946	-0.0433018206
fixed_RBFOX1_del3_gc20_no_CG_requirement_0947	0.014394760425
fixed_RBFOX1_del3_gc20_no_CG_requirement_0948	0.0027701855000000003
fixed_RBFOX1_del3_gc20_no_CG_requirement_0949	0.0089161394
fixed_RBFOX1_del3_gc20_no_CG_requirement_0950	0.008740425100000001
fixed_RBFOX1_del3_gc20_no_CG_requirement_0951	0.01168847126
fixed_RBFOX1_del3_gc20_no_CG_requirement_0952	-0.06138515474
fixed_RBFOX1_del3_gc20_no_CG_requirement_0953	-0.00018286699999999975
fixed_RBFOX1_del3_gc20_no_CG_requirement_0954	-0.006269692950000001
fixed_RBFOX1_del3_gc20_no_CG_requirement_0955	0.010751008999999999
fixed_RBFOX1_del3_gc20_no_CG_requirement_0956	0.010460257774999999
fixed_RBFOX1_del3_gc20_no_CG_requirement_0957	0.024685263800000003
fixed_RBFOX1_del3_gc20_no_CG_requirement_0958	-0.0118062493
fixed_RBFOX1_del3_gc20_no_CG_requirement_0959	0.00563657295
fixed_RBFOX1_del3_gc20_no_CG_requirement_0960	0.024945616625
fixed_RBFOX1_del3_gc20_no_CG_requirement_0961	-0.047139406300000006
fixed_RBFOX1_del3_gc20_no_CG_requirement_0962	0.011406302500000003
fixed_RBFOX1_del3_gc20_no_CG_requirement_0963	-0.0068626403
fixed_RBFOX1_del3_gc20_no_CG_requirement_0964	0.006641388
fixed_RBFOX1_del3_gc20_no_CG_requirement_0965	-0.0499563216
fixed_RBFOX1_del3_gc20_no_CG_requirement_0966	0.01630306226
fixed_RBFOX1_del3_gc20_no_CG_requirement_0967	-0.042383194299999996
fixed_RBFOX1_del3_gc20_no_CG_requirement_0968	-0.0038940906000000004
fixed_RBFOX1_del3_gc20_no_CG_requirement_0969	0.0153999327
fixed_RBFOX1_del3_gc20_no_CG_requirement_0970	0.0015702247
fixed_RBFOX1_del3_gc20_no_CG_requirement_0971	-0.04459691095
fixed_RBFOX1_del3_gc20_no_CG_requirement_0972	0.047483921025
fixed_RBFOX1_del3_gc20_no_CG_requirement_0973	0.002092957625
fixed_RBFOX1_del3_gc20_no_CG_requirement_0974	-0.0031065943000000004
fixed_RBFOX1_del3_gc20_no_CG_requirement_0975	-0.0098671913
fixed_RBFOX1_del3_gc20_no_CG_requirement_0976	-0.0473637576
fixed_RBFOX1_del3_gc20_no_CG_requirement_0977	0.0602853297
fixed_RBFOX1_del3_gc20_no_CG_requirement_0978	0.0017504691999999998
fixed_RBFOX1_del3_gc20_no_CG_requirement_0979	0.00020480149999999985
fixed_RBFOX1_del3_gc20_no_CG_requirement_0980	-0.0448443886
fixed_RBFOX1_del3_gc20_no_CG_requirement_0981	-0.0042332412
fixed_RBFOX1_del3_gc20_no_CG_requirement_0982	0.02675080305
fixed_RBFOX1_del3_gc20_no_CG_requirement_0983	-0.0046575073000000005
fixed_RBFOX1_del3_gc20_no_CG_requirement_0984	-0.0021026135000000003
fixed_RBFOX1_del3_gc20_no_CG_requirement_0985	0.0083081722
fixed_RBFOX1_del3_gc20_no_CG_requirement_0986	0.01593613626
fixed_RBFOX1_del3_gc20_no_CG_requirement_0987	-0.107840063225
fixed_RBFOX1_del3_gc20_no_CG_requirement_0988	-0.0396068096
fixed_RBFOX1_del3_gc20_no_CG_requirement_0989	-0.0335912706
fixed_RBFOX1_del3_gc20_no_CG_requirement_0990	0.020144939275
fixed_RBFOX1_del3_gc20_no_CG_requirement_0991	0.055215418
fixed_RBFOX1_del3_gc20_no_CG_requirement_0992	0.0426700114
fixed_RBFOX1_del3_gc20_no_CG_requirement_0993	-0.0082976818
fixed_RBFOX1_del3_gc20_no_CG_requirement_0994	-0.028735399300000002
fixed_RBFOX1_del3_gc20_no_CG_requirement_0995	0.0040705205
fixed_RBFOX1_del3_gc20_no_CG_requirement_0996	0.0054497719
fixed_RBFOX1_del3_gc20_no_CG_requirement_0997	0.029112458025
fixed_RBFOX1_del3_gc20_no_CG_requirement_0998	0.039090276125000004
fixed_RBFOX1_del3_gc20_no_CG_requirement_0999	-0.049139737600000004
fixed_RBFOX1_del3_same_CG_gc10_0000	-0.018699645600000002
fixed_RBFOX1_del3_same_CG_gc10_0001	0.061748266525
fixed_RBFOX1_del3_same_CG_gc10_0002	-0.026236772600000003
fixed_RBFOX1_del3_same_CG_gc10_0003	-0.035560608300000005
fixed_RBFOX1_del3_same_CG_gc10_0004	-0.0400822157
fixed_RBFOX1_del3_same_CG_gc10_0005	-0.0369460577
fixed_RBFOX1_del3_same_CG_gc10_0006	0.0522319078
fixed_RBFOX1_del3_same_CG_gc10_0007	0.0038821697
fixed_RBFOX1_del3_same_CG_gc10_0008	0.004742980075
fixed_RBFOX1_del3_same_CG_gc10_0009	-0.1123617852
fixed_RBFOX1_del3_same_CG_gc10_0010	0.11614227440000001
fixed_RBFOX1_del3_same_CG_gc10_0011	-0.0070497992999999995
fixed_RBFOX1_del3_same_CG_gc10_0012	-0.057127715600000004
fixed_RBFOX1_del3_same_CG_gc10_0013	-0.07697701430000001
fixed_RBFOX1_del3_same_CG_gc10_0014	-0.019368529199999998
fixed_RBFOX1_del3_same_CG_gc10_0015	-0.0246381763
fixed_RBFOX1_del3_same_CG_gc10_0016	0.00417649739
fixed_RBFOX1_del3_same_CG_gc10_0017	0.03356707125
fixed_RBFOX1_del3_same_CG_gc10_0018	0.0025320053
fixed_RBFOX1_del3_same_CG_gc10_0019	-0.0353872776
fixed_RBFOX1_del3_same_CG_gc10_0020	-0.022890090600000003
fixed_RBFOX1_del3_same_CG_gc10_0021	-0.03829312295
fixed_RBFOX1_del3_same_CG_gc10_0022	-0.028250215600000003
fixed_RBFOX1_del3_same_CG_gc10_0023	0.018550277125
fixed_RBFOX1_del3_same_CG_gc10_0024	-0.0487558856
fixed_RBFOX1_del3_same_CG_gc10_0025	0.007885694450000001
fixed_RBFOX1_del3_same_CG_gc10_0026	-0.048528432600000004
fixed_RBFOX1_del3_same_CG_gc10_0027	-0.0478823186
fixed_RBFOX1_del3_same_CG_gc10_0028	0.0404138557
fixed_RBFOX1_del3_same_CG_gc10_0029	0.029934644625
fixed_RBFOX1_del3_same_CG_gc10_0030	0.00032830240000000007
fixed_RBFOX1_del3_same_CG_gc10_0031	-0.010558366599999999
fixed_RBFOX1_del3_same_CG_gc10_0032	-0.008042573375
fixed_RBFOX1_del3_same_CG_gc10_0033	-0.00475144374
fixed_RBFOX1_del3_same_CG_gc10_0034	0.023380279775
fixed_RBFOX1_del3_same_CG_gc10_0035	0.0037438872749999998
fixed_RBFOX1_del3_same_CG_gc10_0036	0.0081560614
fixed_RBFOX1_del3_same_CG_gc10_0037	-0.0115532876
fixed_RBFOX1_del3_same_CG_gc10_0038	0.0184800627
fixed_RBFOX1_del3_same_CG_gc10_0039	-0.025189399600000002
fixed_RBFOX1_del3_same_CG_gc10_0040	-0.0216679573
fixed_RBFOX1_del3_same_CG_gc10_0041	0.037510038125
fixed_RBFOX1_del3_same_CG_gc10_0042	-0.09743666295
fixed_RBFOX1_del3_same_CG_gc10_0043	0.01221585305
fixed_RBFOX1_del3_same_CG_gc10_0044	0.0541300757
fixed_RBFOX1_del3_same_CG_gc10_0045	0.062361359799999995
fixed_RBFOX1_del3_same_CG_gc10_0046	0.0257660148
fixed_RBFOX1_del3_same_CG_gc10_0047	0.00958704945
fixed_RBFOX1_del3_same_CG_gc10_0048	-0.0534842016
fixed_RBFOX1_del3_same_CG_gc10_0049	-0.0238215925
fixed_RBFOX1_del3_same_CG_gc10_0050	0.037061215025
fixed_RBFOX1_del3_same_CG_gc10_0051	0.0046463013
fixed_RBFOX1_del3_same_CG_gc10_0052	-0.038268805600000004
fixed_RBFOX1_del3_same_CG_gc10_0053	-0.0482964516
fixed_RBFOX1_del3_same_CG_gc10_0054	0.033568620699999996
fixed_RBFOX1_del3_same_CG_gc10_0055	0.0401091575
fixed_RBFOX1_del3_same_CG_gc10_0056	-0.0082408192
fixed_RBFOX1_del3_same_CG_gc10_0057	-0.012191533740000001
fixed_RBFOX1_del3_same_CG_gc10_0058	-0.00923037495
fixed_RBFOX1_del3_same_CG_gc10_0059	-0.0386357307
fixed_RBFOX1_del3_same_CG_gc10_0060	0.0863236188
fixed_RBFOX1_del3_same_CG_gc10_0061	-0.0254025456
fixed_RBFOX1_del3_same_CG_gc10_0062	0.0777688044
fixed_RBFOX1_del3_same_CG_gc10_0063	0.02967953705
fixed_RBFOX1_del3_same_CG_gc10_0064	0.0315837857
fixed_RBFOX1_del3_same_CG_gc10_0065	0.05720257726
fixed_RBFOX1_del3_same_CG_gc10_0066	0.01771616905
fixed_RBFOX1_del3_same_CG_gc10_0067	0.0050930977
fixed_RBFOX1_del3_same_CG_gc10_0068	-0.0827670093
fixed_RBFOX1_del3_same_CG_gc10_0069	0.025721073100000002
fixed_RBFOX1_del3_same_CG_gc10_0070	0.009677887259999999
fixed_RBFOX1_del3_same_CG_gc10_0071	-0.0505065913
fixed_RBFOX1_del3_same_CG_gc10_0072	0.00010216227500000003
fixed_RBFOX1_del3_same_CG_gc10_0073	-0.0308816443
fixed_RBFOX1_del3_same_CG_gc10_0074	-0.0009965895999999998
fixed_RBFOX1_del3_same_CG_gc10_0075	0.016363501524999997
fixed_RBFOX1_del3_same_CG_gc10_0076	-0.0478734956
fixed_RBFOX1_del3_same_CG_gc10_0077	-0.0173447133
fixed_RBFOX1_del3_same_CG_gc10_0078	0.0345525737
fixed_RBFOX1_del3_same_CG_gc10_0079	0.006265163515
fixed_RBFOX1_del3_same_CG_gc10_0080	-0.1420086652
fixed_RBFOX1_del3_same_CG_gc10_0081	-0.1130180343
fixed_RBFOX1_del3_same_CG_gc10_0082	0.010035634199999999
fixed_RBFOX1_del3_same_CG_gc10_0083	-0.343781823225
fixed_RBFOX1_del3_same_CG_gc10_0084	0.0077178477
fixed_RBFOX1_del3_same_CG_gc10_0085	0.0065534114000000004
fixed_RBFOX1_del3_same_CG_gc10_0086	0.03470015705
fixed_RBFOX1_del3_same_CG_gc10_0087	-0.036602496740000004
fixed_RBFOX1_del3_same_CG_gc10_0088	0.053012609259999996
fixed_RBFOX1_del3_same_CG_gc10_0089	0.01531386376
fixed_RBFOX1_del3_same_CG_gc10_0090	0.002833128
fixed_RBFOX1_del3_same_CG_gc10_0091	-0.0022573473000000004
fixed_RBFOX1_del3_same_CG_gc10_0092	0.034155130049999996
fixed_RBFOX1_del3_same_CG_gc10_0093	-0.0531351563
fixed_RBFOX1_del3_same_CG_gc10_0094	0.0833281248
fixed_RBFOX1_del3_same_CG_gc10_0095	0.0140457157
fixed_RBFOX1_del3_same_CG_gc10_0096	-0.0455482006
fixed_RBFOX1_del3_same_CG_gc10_0097	-0.0467689036
fixed_RBFOX1_del3_same_CG_gc10_0098	-0.004513740299999999
fixed_RBFOX1_del3_same_CG_gc10_0099	-0.0284602656
fixed_RBFOX1_del3_same_CG_gc10_0100	-0.042359590600000004
fixed_RBFOX1_del3_same_CG_gc10_0101	0.006029128999999999
fixed_RBFOX1_del3_same_CG_gc10_0102	0.00037908560000000013
fixed_RBFOX1_del3_same_CG_gc10_0103	-0.0050170423
fixed_RBFOX1_del3_same_CG_gc10_0104	0.06657743362499999
fixed_RBFOX1_del3_same_CG_gc10_0105	-0.028045415599999998
fixed_RBFOX1_del3_same_CG_gc10_0106	0.007454633699999999
fixed_RBFOX1_del3_same_CG_gc10_0107	0.015890479125000002
fixed_RBFOX1_del3_same_CG_gc10_0108	-0.04382061995
fixed_RBFOX1_del3_same_CG_gc10_0109	-0.0170400146
fixed_RBFOX1_del3_same_CG_gc10_0110	-0.061749220300000005
fixed_RBFOX1_del3_same_CG_gc10_0111	0.0027472973
fixed_RBFOX1_del3_same_CG_gc10_0112	-0.040618181600000004
fixed_RBFOX1_del3_same_CG_gc10_0113	0.0466132157
fixed_RBFOX1_del3_same_CG_gc10_0114	0.018626570524999997
fixed_RBFOX1_del3_same_CG_gc10_0115	-0.0017199516000000001
fixed_RBFOX1_del3_same_CG_gc10_0116	-0.0507287983
fixed_RBFOX1_del3_same_CG_gc10_0117	-0.019017457374999998
fixed_RBFOX1_del3_same_CG_gc10_0118	-0.0485019686
fixed_RBFOX1_del3_same_CG_gc10_0119	-0.0363209243
fixed_RBFOX1_del3_same_CG_gc10_0120	-0.0376758576
fixed_RBFOX1_del3_same_CG_gc10_0121	-0.08377385295
fixed_RBFOX1_del3_same_CG_gc10_0122	-0.00275588035
fixed_RBFOX1_del3_same_CG_gc10_0123	0.025581002800000002
fixed_RBFOX1_del3_same_CG_gc10_0124	0.0528364177
fixed_RBFOX1_del3_same_CG_gc10_0125	-0.0362513056
fixed_RBFOX1_del3_same_CG_gc10_0126	-0.0530102249
fixed_RBFOX1_del3_same_CG_gc10_0127	-0.1281515352
fixed_RBFOX1_del3_same_CG_gc10_0128	-0.0226805206
fixed_RBFOX1_del3_same_CG_gc10_0129	0.044225097625
fixed_RBFOX1_del3_same_CG_gc10_0130	0.01620364205
fixed_RBFOX1_del3_same_CG_gc10_0131	0.045829892025
fixed_RBFOX1_del3_same_CG_gc10_0132	-0.0031917095500000004
fixed_RBFOX1_del3_same_CG_gc10_0133	-0.0087738033
fixed_RBFOX1_del3_same_CG_gc10_0134	-0.006965875599999999
fixed_RBFOX1_del3_same_CG_gc10_0135	0.052939653700000006
fixed_RBFOX1_del3_same_CG_gc10_0136	0.0079035757
fixed_RBFOX1_del3_same_CG_gc10_0137	0.0995440473
fixed_RBFOX1_del3_same_CG_gc10_0138	-0.0192945006
fixed_RBFOX1_del3_same_CG_gc10_0139	-0.0079592462
fixed_RBFOX1_del3_same_CG_gc10_0140	-0.031386612950000004
fixed_RBFOX1_del3_same_CG_gc10_0141	-0.041145325600000004
fixed_RBFOX1_del3_same_CG_gc10_0142	-0.0367269516
fixed_RBFOX1_del3_same_CG_gc10_0143	0.0001790524
fixed_RBFOX1_del3_same_CG_gc10_0144	-0.21614003295
fixed_RBFOX1_del3_same_CG_gc10_0145	-0.0107359883
fixed_RBFOX1_del3_same_CG_gc10_0146	-0.006303787599999999
fixed_RBFOX1_del3_same_CG_gc10_0147	0.007861852700000001
fixed_RBFOX1_del3_same_CG_gc10_0148	-0.0515716076
fixed_RBFOX1_del3_same_CG_gc10_0149	0.0190030338
fixed_RBFOX1_del3_same_CG_gc10_0150	0.006245136300000001
fixed_RBFOX1_del3_same_CG_gc10_0151	0.006359338799999999
fixed_RBFOX1_del3_same_CG_gc10_0152	-0.051106215600000005
fixed_RBFOX1_del3_same_CG_gc10_0153	0.0130703447
fixed_RBFOX1_del3_same_CG_gc10_0154	-0.0038716793499999997
fixed_RBFOX1_del3_same_CG_gc10_0155	0.018878698525
fixed_RBFOX1_del3_same_CG_gc10_0156	0.06438279126
fixed_RBFOX1_del3_same_CG_gc10_0157	0.0014016628
fixed_RBFOX1_del3_same_CG_gc10_0158	0.0031672717749999997
fixed_RBFOX1_del3_same_CG_gc10_0159	0.015870809399999998
fixed_RBFOX1_del3_same_CG_gc10_0160	-0.0498371127
fixed_RBFOX1_del3_same_CG_gc10_0161	0.019584655399999998
fixed_RBFOX1_del3_same_CG_gc10_0162	0.0086286069
fixed_RBFOX1_del3_same_CG_gc10_0163	0.00907158826
fixed_RBFOX1_del3_same_CG_gc10_0164	0.02174544326
fixed_RBFOX1_del3_same_CG_gc10_0165	-0.0406031606
fixed_RBFOX1_del3_same_CG_gc10_0166	-0.0474157343
fixed_RBFOX1_del3_same_CG_gc10_0167	-0.0446686756
fixed_RBFOX1_del3_same_CG_gc10_0168	-0.0370128156
fixed_RBFOX1_del3_same_CG_gc10_0169	-0.04300165174
fixed_RBFOX1_del3_same_CG_gc10_0170	0.0032467842600000002
fixed_RBFOX1_del3_same_CG_gc10_0171	0.009974241299999999
fixed_RBFOX1_del3_same_CG_gc10_0172	-0.04192948295
fixed_RBFOX1_del3_same_CG_gc10_0173	-0.0369009956
fixed_RBFOX1_del3_same_CG_gc10_0174	0.01855063405
fixed_RBFOX1_del3_same_CG_gc10_0175	-0.0049932003
fixed_RBFOX1_del3_same_CG_gc10_0176	-9.751330000000013e-05
fixed_RBFOX1_del3_same_CG_gc10_0177	-0.13606536519999998
fixed_RBFOX1_del3_same_CG_gc10_0178	-0.0007122753749999999
fixed_RBFOX1_del3_same_CG_gc10_0179	-0.0533394816
fixed_RBFOX1_del3_same_CG_gc10_0180	-0.014379739740000001
fixed_RBFOX1_del3_same_CG_gc10_0181	-0.12985062949999998
fixed_RBFOX1_del3_same_CG_gc10_0182	-0.013689636750000001
fixed_RBFOX1_del3_same_CG_gc10_0183	0.041769623024999994
fixed_RBFOX1_del3_same_CG_gc10_0184	0.0205303428
fixed_RBFOX1_del3_same_CG_gc10_0185	-0.0503847597
fixed_RBFOX1_del3_same_CG_gc10_0186	0.0061171053999999996
fixed_RBFOX1_del3_same_CG_gc10_0187	0.0067038537
fixed_RBFOX1_del3_same_CG_gc10_0188	0.0150105957
fixed_RBFOX1_del3_same_CG_gc10_0189	0.0247826581
fixed_RBFOX1_del3_same_CG_gc10_0190	-0.0010423660400000001
fixed_RBFOX1_del3_same_CG_gc10_0191	-0.03823876295
fixed_RBFOX1_del3_same_CG_gc10_0192	-0.07213854795
fixed_RBFOX1_del3_same_CG_gc10_0193	-0.050166605600000004
fixed_RBFOX1_del3_same_CG_gc10_0194	-0.015223741950000001
fixed_RBFOX1_del3_same_CG_gc10_0195	-0.06144332560000001
fixed_RBFOX1_del3_same_CG_gc10_0196	0.0179095264
fixed_RBFOX1_del3_same_CG_gc10_0197	-0.05264210695
fixed_RBFOX1_del3_same_CG_gc10_0198	-0.023081064600000003
fixed_RBFOX1_del3_same_CG_gc10_0199	0.01152586905
fixed_RBFOX1_del3_same_CG_gc10_0200	-0.0628273495
fixed_RBFOX1_del3_same_CG_gc10_0201	-0.0011626478750000001
fixed_RBFOX1_del3_same_CG_gc10_0202	-0.0127902026
fixed_RBFOX1_del3_same_CG_gc10_0203	-0.0055520533
fixed_RBFOX1_del3_same_CG_gc10_0204	0.050996661799999995
fixed_RBFOX1_del3_same_CG_gc10_0205	-0.0053389076
fixed_RBFOX1_del3_same_CG_gc10_0206	0.015634775225
fixed_RBFOX1_del3_same_CG_gc10_0207	0.069023132125
fixed_RBFOX1_del3_same_CG_gc10_0208	-0.0431728356
fixed_RBFOX1_del3_same_CG_gc10_0209	-0.016945242725
fixed_RBFOX1_del3_same_CG_gc10_0210	0.0020125502499999982
fixed_RBFOX1_del3_same_CG_gc10_0211	0.032830834025
fixed_RBFOX1_del3_same_CG_gc10_0212	0.0080724956
fixed_RBFOX1_del3_same_CG_gc10_0213	0.07142639440000001
fixed_RBFOX1_del3_same_CG_gc10_0214	-0.0551640986
fixed_RBFOX1_del3_same_CG_gc10_0215	0.04352211926
fixed_RBFOX1_del3_same_CG_gc10_0216	0.0069115162
fixed_RBFOX1_del3_same_CG_gc10_0217	0.0285072323
fixed_RBFOX1_del3_same_CG_gc10_0218	-0.0777962195
fixed_RBFOX1_del3_same_CG_gc10_0219	0.017694950259999998
fixed_RBFOX1_del3_same_CG_gc10_0220	0.0029720068999999996
fixed_RBFOX1_del3_same_CG_gc10_0221	0.0055024624
fixed_RBFOX1_del3_same_CG_gc10_0222	0.05208516105
fixed_RBFOX1_del3_same_CG_gc10_0223	-0.06920242189999999
fixed_RBFOX1_del3_same_CG_gc10_0224	-0.0067896845
fixed_RBFOX1_del3_same_CG_gc10_0225	0.0164066558
fixed_RBFOX1_del3_same_CG_gc10_0226	-0.0528938773
fixed_RBFOX1_del3_same_CG_gc10_0227	0.008491873799999999
fixed_RBFOX1_del3_same_CG_gc10_0228	-0.0527575016
fixed_RBFOX1_del3_same_CG_gc10_0229	-0.0844573943
fixed_RBFOX1_del3_same_CG_gc10_0230	0.0202050214
fixed_RBFOX1_del3_same_CG_gc10_0231	0.009903550099999998
fixed_RBFOX1_del3_same_CG_gc10_0232	-0.0044744013
fixed_RBFOX1_del3_same_CG_gc10_0233	0.0082241298
fixed_RBFOX1_del3_same_CG_gc10_0234	-0.0045763252
fixed_RBFOX1_del3_same_CG_gc10_0235	-0.054151534725
fixed_RBFOX1_del3_same_CG_gc10_0236	-0.0429481252
fixed_RBFOX1_del3_same_CG_gc10_0237	-0.035733818875
fixed_RBFOX1_del3_same_CG_gc10_0238	0.0159785745
fixed_RBFOX1_del3_same_CG_gc10_0239	0.0639460087
fixed_RBFOX1_del3_same_CG_gc10_0240	0.0012862682000000002
fixed_RBFOX1_del3_same_CG_gc10_0241	-0.0052819253
fixed_RBFOX1_del3_same_CG_gc10_0242	-0.04140138474
fixed_RBFOX1_del3_same_CG_gc10_0243	0.0022668839
fixed_RBFOX1_del3_same_CG_gc10_0244	-0.18633120875
fixed_RBFOX1_del3_same_CG_gc10_0245	0.0117967129
fixed_RBFOX1_del3_same_CG_gc10_0246	-0.0421869756
fixed_RBFOX1_del3_same_CG_gc10_0247	0.0164682867
fixed_RBFOX1_del3_same_CG_gc10_0248	-0.02697205595
fixed_RBFOX1_del3_same_CG_gc10_0249	0.020231366275
fixed_RBFOX1_del3_same_CG_gc10_0250	-0.0503129956
fixed_RBFOX1_del3_same_CG_gc10_0251	0.00012493127499999977
fixed_RBFOX1_del3_same_CG_gc10_0252	-0.0425956256
fixed_RBFOX1_del3_same_CG_gc10_0253	0.02344608326
fixed_RBFOX1_del3_same_CG_gc10_0254	-0.0433771606
fixed_RBFOX1_del3_same_CG_gc10_0255	-0.0248677726
fixed_RBFOX1_del3_same_CG_gc10_0256	-0.06687116559999999
fixed_RBFOX1_del3_same_CG_gc10_0257	0.052666783625
fixed_RBFOX1_del3_same_CG_gc10_0258	0.0015757084
fixed_RBFOX1_del3_same_CG_gc10_0259	0.034130573525
fixed_RBFOX1_del3_same_CG_gc10_0260	0.0003244878249999998
fixed_RBFOX1_del3_same_CG_gc10_0261	-0.0402688976
fixed_RBFOX1_del3_same_CG_gc10_0262	-0.06279158430000001
fixed_RBFOX1_del3_same_CG_gc10_0263	0.0230639577
fixed_RBFOX1_del3_same_CG_gc10_0264	0.0219724175
fixed_RBFOX1_del3_same_CG_gc10_0265	-0.0392811296
fixed_RBFOX1_del3_same_CG_gc10_0266	-0.0030410289999999998
fixed_RBFOX1_del3_same_CG_gc10_0267	-0.25661111295
fixed_RBFOX1_del3_same_CG_gc10_0268	0.0218484403
fixed_RBFOX1_del3_same_CG_gc10_0269	-0.025950789200000005
fixed_RBFOX1_del3_same_CG_gc10_0270	-0.0491704956
fixed_RBFOX1_del3_same_CG_gc10_0271	-0.0457904356
fixed_RBFOX1_del3_same_CG_gc10_0272	0.004643917275
fixed_RBFOX1_del3_same_CG_gc10_0273	-0.0579318996
fixed_RBFOX1_del3_same_CG_gc10_0274	-0.037015914299999994
fixed_RBFOX1_del3_same_CG_gc10_0275	0.0065524578
fixed_RBFOX1_del3_same_CG_gc10_0276	-0.03346466995
fixed_RBFOX1_del3_same_CG_gc10_0277	0.12903875125
fixed_RBFOX1_del3_same_CG_gc10_0278	0.0212159157
fixed_RBFOX1_del3_same_CG_gc10_0279	-0.0474967956
fixed_RBFOX1_del3_same_CG_gc10_0280	-0.00153422355
fixed_RBFOX1_del3_same_CG_gc10_0281	-0.058489799225
fixed_RBFOX1_del3_same_CG_gc10_0282	-0.06570410559999999
fixed_RBFOX1_del3_same_CG_gc10_0283	-0.0055229663750000005
fixed_RBFOX1_del3_same_CG_gc10_0284	0.1123431948
fixed_RBFOX1_del3_same_CG_gc10_0285	-0.019008755475
fixed_RBFOX1_del3_same_CG_gc10_0286	0.027395248625
fixed_RBFOX1_del3_same_CG_gc10_0287	-0.02540564495
fixed_RBFOX1_del3_same_CG_gc10_0288	-0.06422698519999999
fixed_RBFOX1_del3_same_CG_gc10_0289	-0.0049393176
fixed_RBFOX1_del3_same_CG_gc10_0290	0.029933214124999996
fixed_RBFOX1_del3_same_CG_gc10_0291	0.016025781625
fixed_RBFOX1_del3_same_CG_gc10_0292	0.01410222005
fixed_RBFOX1_del3_same_CG_gc10_0293	0.018378377124999998
fixed_RBFOX1_del3_same_CG_gc10_0294	-0.08066248895
fixed_RBFOX1_del3_same_CG_gc10_0295	-0.0227231976
